student_id,attention_score,confusion_score,boredom_score,cognitive_overload_score,lstm_prediction,gru_prediction,cnn_prediction,ensemble_prediction,risk_category
2,37.58901,62.41099,12.5,67.5,0.4325028,0.8938113,0.54601574,0.6241099,Moderate Risk
3,46.333366,53.666634,23.076923076923077,53.84615384615385,0.30942115,0.76079506,0.5397829,0.53666633,Moderate Risk
4,40.656883,59.343117,25.0,79.16666666666667,0.9425324,0.83776116,4.885093e-13,0.5934312,Moderate Risk
6,60.307728,39.692272,0.0,72.72727272727273,0.25213772,0.4001532,0.5384772,0.3969227,Moderate Risk
9,80.57622,19.423784,2.0,20.0,0.029785598,0.028859379,0.5240686,0.19423784,Low Risk
11,94.37303,5.626967,22.0,49.0,0.06852784,0.10028117,0.0,0.05626967,Low Risk
13,93.798454,6.2015457,52.0,102.0,0.06959047,0.05882733,0.057628553,0.062015455,Low Risk
15,91.64927,8.350732,10.526315789473683,50.0,0.1789629,0.07155907,0.0,0.08350732,Low Risk
16,57.393394,42.6066,14.000000000000002,53.0,0.45777056,0.8204275,1.5061249e-19,0.426066,Moderate Risk
18,73.59293,26.40706,7.6923076923076925,42.30769230769231,0.19738612,0.14705993,0.44776574,0.2640706,Low Risk
21,93.91919,6.0808125,10.0,47.0,0.05329394,0.052352674,0.07677777,0.060808126,Low Risk
22,87.76824,12.231755,5.555555555555555,36.111111111111114,0.14017959,0.07549383,0.15127923,0.12231755,Low Risk
24,75.64556,24.35444,16.666666666666664,50.0,0.3140555,0.4165777,3.2751722e-12,0.2435444,Low Risk
25,63.282383,36.71762,27.27272727272727,90.9090909090909,0.39288837,0.3378061,0.37083414,0.3671762,Moderate Risk
26,92.40427,7.59573,10.0,44.0,0.014307195,0.017081868,0.19648284,0.0759573,Low Risk
27,91.08155,8.918447,0.0,48.837209302325576,0.14814723,0.119406156,5.3280874e-12,0.08918446,Low Risk
29,95.68205,4.317944,5.263157894736842,44.73684210526315,0.061240584,0.06825054,4.7200876e-05,0.04317944,Low Risk
31,82.14356,17.856436,0.0,17.0,0.27822623,0.24799909,0.009467693,0.17856435,Low Risk
33,65.40191,34.598087,12.0,43.0,0.055124074,0.16738392,0.81543463,0.34598088,Moderate Risk
34,74.55315,25.446854,24.0,55.00000000000001,0.13893606,0.3974717,0.22699787,0.25446853,Low Risk
36,22.185236,77.814766,16.666666666666664,63.33333333333333,0.93119377,0.94733995,0.4559091,0.77814764,High Risk
37,84.28466,15.715344,27.27272727272727,68.18181818181819,0.26777992,0.2036804,2.526238e-11,0.15715344,Low Risk
39,73.98205,26.017952,9.090909090909092,45.45454545454546,0.29192537,0.25894845,0.22966477,0.26017952,Low Risk
43,80.38277,19.617228,30.0,75.0,0.11615845,0.114585765,0.35777265,0.19617228,Low Risk
44,82.19339,17.806608,5.555555555555555,61.111111111111114,0.3080995,0.22609876,1.0710201e-14,0.17806609,Low Risk
45,72.36471,27.635294,6.0,55.00000000000001,0.4097595,0.4189281,0.00037128702,0.27635294,Low Risk
47,77.82451,22.175493,0.0,86.36363636363636,0.30030012,0.2038051,0.16115956,0.22175492,Low Risk
49,48.80639,51.19361,0.0,75.0,0.31365976,0.41599736,0.80615115,0.5119361,Moderate Risk
50,88.567154,11.432844,0.0,78.0,0.18783177,0.15515356,0.0,0.114328444,Low Risk
51,68.486145,31.513851,28.000000000000004,84.00000000000001,0.35888386,0.5850313,0.001500422,0.31513852,Moderate Risk
52,19.368172,80.63183,60.0,95.0,0.9724575,0.9813417,0.4651557,0.8063183,High Risk
53,81.41029,18.589706,10.0,64.99999999999999,0.23527585,0.15514852,0.16726682,0.18589707,Low Risk
54,86.64904,13.350959,11.11111111111111,44.44444444444444,0.21906559,0.16845849,0.0130046895,0.13350959,Low Risk
55,77.56513,22.434866,10.0,64.99999999999999,0.30954698,0.2037572,0.15974182,0.22434866,Low Risk
56,68.94492,31.055075,7.5,57.49999999999999,0.26379946,0.63772845,0.03012434,0.31055075,Moderate Risk
57,83.94047,16.059528,20.0,68.0,0.18108577,0.30070007,1.2126467e-13,0.16059528,Low Risk
59,97.828125,2.1718736,0.0,15.909090909090908,0.0018582031,0.005953041,0.057344966,0.021718735,Low Risk
60,97.0066,2.993401,0.0,13.0,0.03752036,0.019708129,0.032573532,0.02993401,Low Risk
61,72.278366,27.721632,0.0,75.75757575757575,0.1470255,0.2950968,0.38952664,0.27721632,Low Risk
62,87.808586,12.191413,0.0,52.94117647058824,0.17763616,0.12851049,0.059595734,0.121914126,Low Risk
65,18.68542,81.31458,13.333333333333334,80.0,0.9204515,0.9752892,0.5436967,0.8131458,High Risk
68,98.91221,1.0877895,0.0,45.16129032258065,0.010438869,0.009801053,0.012393761,0.010877895,Low Risk
69,84.5164,15.483594,16.129032258064516,46.7741935483871,0.32198307,0.14145172,0.0010730211,0.15483594,Low Risk
70,95.60271,4.3972993,2.0,47.0,0.06464283,0.03550428,0.031771865,0.043972995,Low Risk
71,84.900055,15.099949,4.761904761904762,50.0,0.2664926,0.15221496,0.0342909,0.15099949,Low Risk
72,93.578674,6.4213276,14.000000000000002,63.0,0.1306166,0.062023226,0.0,0.064213276,Low Risk
76,88.41686,11.583136,9.67741935483871,61.29032258064515,0.21577957,0.12283,0.008884504,0.11583135,Low Risk
77,96.91946,3.0805414,8.0,36.0,0.05689619,0.030060463,0.005459593,0.030805415,Low Risk
78,91.426796,8.573202,10.0,53.0,0.05935542,0.19766584,0.00017480749,0.08573202,Low Risk
79,16.701984,83.29802,26.666666666666668,95.0,0.9737055,0.9784176,0.5468174,0.83298016,High Risk
81,87.37643,12.623574,10.0,39.0,0.249891,0.12878653,2.9652263e-05,0.12623574,Low Risk
82,77.06077,22.939228,28.57142857142857,90.47619047619048,0.26834717,0.41982967,0.0,0.22939229,Low Risk
85,39.76508,60.23492,28.57142857142857,67.85714285714286,0.76701987,0.8249667,0.2150609,0.6023492,Moderate Risk
91,95.42311,4.576892,0.0,60.63829787234043,0.045320973,0.09198578,0.0,0.045768917,Low Risk
92,95.64853,4.3514743,2.272727272727273,34.09090909090909,0.06169084,0.06885339,0.0,0.043514743,Low Risk
93,81.71026,18.289738,22.0,52.0,0.22224444,0.32643855,9.1113125e-06,0.18289737,Low Risk
95,93.9884,6.0115914,0.0,54.0,0.07091795,0.10942979,0.0,0.060115915,Low Risk
96,58.616352,41.38365,10.526315789473683,71.05263157894737,0.48159823,0.71064264,0.049268752,0.4138365,Moderate Risk
100,83.60096,16.39904,4.0,27.0,0.15610458,0.3358666,0.0,0.1639904,Low Risk
102,84.89663,15.103372,4.0,61.0,0.16449082,0.17833959,0.110270746,0.15103371,Low Risk
103,34.909557,65.09044,33.33333333333333,81.66666666666667,0.9838932,0.96882004,7.425796e-21,0.6509044,Moderate Risk
108,18.560045,81.43996,33.33333333333333,88.33333333333333,0.91708905,0.9746935,0.5514163,0.81439954,High Risk
109,19.672394,80.32761,30.0,98.33333333333334,0.9651133,0.9787135,0.46600148,0.80327606,High Risk
110,81.25914,18.740858,9.090909090909092,63.63636363636363,0.30407247,0.19671348,0.06143984,0.18740858,Low Risk
117,25.592964,74.407036,3.3333333333333335,86.66666666666667,0.8872294,0.9079848,0.43699703,0.74407035,High Risk
120,80.97609,19.023907,22.22222222222222,72.22222222222221,0.25934446,0.15781595,0.15355685,0.19023907,Low Risk
121,82.63893,17.36107,3.3333333333333335,46.666666666666664,0.015824065,0.058997944,0.4460101,0.1736107,Low Risk
125,93.47094,6.5290647,12.0,50.0,0.037447143,0.098608024,0.059816763,0.065290645,Low Risk
127,95.79006,4.2099366,2.0,43.0,0.016928222,0.036025286,0.073344596,0.042099368,Low Risk
130,98.96745,1.0325497,0.0,36.66666666666667,0.016481401,0.011664495,0.0028305964,0.010325498,Low Risk
132,72.29799,27.702013,54.54545454545454,95.45454545454545,0.39745533,0.3647451,0.06885988,0.27702013,Low Risk
133,87.40679,12.593213,20.0,60.0,0.2123315,0.15745234,0.008012547,0.12593213,Low Risk
138,53.80268,46.197315,35.714285714285715,67.85714285714286,0.23111081,0.17652205,0.97828656,0.46197316,Moderate Risk
141,89.56535,10.434643,9.090909090909092,45.45454545454546,0.10820914,0.056058437,0.14877173,0.10434643,Low Risk
147,70.59469,29.405313,4.0,64.99999999999999,0.40289825,0.38063785,0.09862334,0.29405314,Low Risk
148,85.04265,14.957351,0.0,62.857142857142854,0.07383439,0.17218782,0.20269829,0.1495735,Low Risk
152,83.92576,16.07424,9.090909090909092,63.63636363636363,0.2645019,0.14470588,0.07301946,0.1607424,Low Risk
153,71.5837,28.4163,3.3333333333333335,50.0,0.119286515,0.2774642,0.45573825,0.284163,Low Risk
154,89.83256,10.167441,11.11111111111111,33.333333333333336,0.17098339,0.10915916,0.024880704,0.101674415,Low Risk
156,77.167984,22.832018,40.0,80.0,0.327349,0.2413729,0.11623865,0.22832018,Low Risk
157,97.16622,2.833777,10.0,45.0,0.04104573,0.04396758,3.0947166e-29,0.02833777,Low Risk
158,97.90739,2.0926142,14.000000000000002,38.0,0.044177603,0.018600827,0.0,0.020926142,Low Risk
161,89.50243,10.497566,4.0,56.00000000000001,0.15950635,0.15542065,2.6166921e-10,0.10497566,Low Risk
165,94.5907,5.409298,16.0,46.0,0.11534296,0.046933513,2.4538836e-06,0.054092977,Low Risk
166,66.72199,33.278008,17.647058823529413,52.94117647058824,0.46318334,0.4583459,0.076810956,0.33278006,Moderate Risk
167,62.356506,37.643494,0.0,61.53846153846154,0.10037865,0.4897566,0.53916955,0.37643495,Moderate Risk
168,90.02581,9.974189,0.0,46.0,0.15173313,0.14695285,0.0005396871,0.09974188,Low Risk
169,87.718376,12.281626,4.0,52.0,0.21774293,0.15070583,0.0,0.12281626,Low Risk
170,86.465385,13.534617,20.0,65.0,0.15825433,0.2456737,0.002110473,0.13534617,Low Risk
171,21.595818,78.40418,20.0,83.33333333333333,0.92134446,0.97598404,0.45479688,0.7840418,High Risk
173,65.85749,34.1425,8.0,49.0,0.08582468,0.07750951,0.8609409,0.34142503,Moderate Risk
174,75.63415,24.365856,4.0,63.0,0.16644801,0.5645277,0.0,0.24365856,Low Risk
175,85.56467,14.435333,16.666666666666664,46.666666666666664,0.25494552,0.17811447,1.0773205e-25,0.14435333,Low Risk
178,84.274895,15.725107,12.5,50.0,0.28010568,0.16097033,0.030677194,0.15725107,Low Risk
182,87.32579,12.67421,14.000000000000002,62.0,0.11414673,0.26607955,3.3105116e-09,0.1267421,Low Risk
184,59.65712,40.342876,0.0,76.66666666666666,0.39692885,0.8133541,3.3566887e-06,0.40342876,Moderate Risk
185,73.502556,26.49745,20.0,40.0,0.34249473,0.33238527,0.120043434,0.2649745,Low Risk
186,71.26787,28.732136,16.27906976744186,77.90697674418605,0.52657354,0.3353896,8.897806e-07,0.28732136,Low Risk
187,96.414894,3.585104,20.0,84.0,0.07481516,0.031291045,0.0014469128,0.03585104,Low Risk
189,92.102165,7.8978353,0.0,64.28571428571428,0.14932163,0.08761343,0.0,0.07897835,Low Risk
193,97.62076,2.3792357,0.0,26.0,0.034682617,0.036694452,3.103158e-36,0.023792356,Low Risk
196,93.051735,6.948264,8.108108108108109,48.648648648648646,0.10493843,0.10340436,0.00010513231,0.06948264,Low Risk
198,97.45119,2.5488162,2.0,51.0,0.030152928,0.046244927,6.664099e-05,0.025488162,Low Risk
200,69.855965,30.144033,10.0,42.0,0.023231372,0.022526957,0.85856265,0.30144033,Moderate Risk
201,57.386673,42.613327,26.0,79.0,0.5894373,0.64503443,0.04392799,0.42613328,Moderate Risk
202,17.548996,82.451004,10.0,75.0,0.9576569,0.9704717,0.5454014,0.82451004,High Risk
203,75.81899,24.181007,16.0,48.0,0.39446023,0.29876915,0.032200854,0.24181008,Low Risk
205,82.71287,17.28713,25.0,75.0,0.3034668,0.20415837,0.010988756,0.1728713,Low Risk
207,89.56075,10.439249,10.0,68.75,0.07520464,0.093098514,0.14487432,0.10439249,Low Risk
209,80.12969,19.870312,14.000000000000002,34.0,0.26312,0.3329894,2.0259055e-11,0.19870313,Low Risk
212,90.7113,9.288694,0.0,42.592592592592595,0.17210048,0.103633605,0.0029267448,0.09288695,Low Risk
213,75.675354,24.324652,0.0,44.44444444444444,0.31414625,0.41559327,1.6815043e-09,0.24324651,Low Risk
214,93.061676,6.9383235,9.523809523809524,57.14285714285714,0.1348383,0.0733114,0.0,0.069383234,Low Risk
215,94.56551,5.434482,6.666666666666667,61.66666666666667,0.11222621,0.047170803,0.0036374691,0.05434482,Low Risk
216,72.67399,27.326012,11.11111111111111,24.999999999999996,0.25920057,0.42860034,0.13197948,0.27326012,Low Risk
217,79.62232,20.37768,3.3333333333333335,10.0,0.023193518,0.045339797,0.5427971,0.20377679,Low Risk
218,64.950455,35.04954,10.0,50.0,0.22668423,0.22745593,0.5973461,0.35049543,Moderate Risk
220,83.92857,16.071426,16.0,57.00000000000001,0.14759853,0.14064707,0.1938972,0.16071427,Low Risk
221,98.49476,1.5052371,12.903225806451612,37.096774193548384,0.017487228,0.015053343,0.01261654,0.015052371,Low Risk
223,77.44367,22.556328,0.0,60.0,0.19563246,0.12418447,0.3568729,0.22556327,Low Risk
224,16.289871,83.71013,26.666666666666668,76.66666666666666,0.98635733,0.97794354,0.5470031,0.8371013,High Risk
225,47.54234,52.45766,8.571428571428571,74.28571428571429,0.39094073,0.47569174,0.70709735,0.5245766,Moderate Risk
226,39.48388,60.51612,17.5,62.5,0.82560813,0.87011844,0.11975695,0.6051612,Moderate Risk
230,75.47183,24.528172,13.333333333333334,73.33333333333334,0.41325092,0.21334575,0.10924845,0.24528171,Low Risk
233,91.76544,8.23456,0.0,18.18181818181818,0.1565275,0.09050932,5.216034e-11,0.082345605,Low Risk
236,86.18713,13.812871,0.0,58.82352941176471,0.21356334,0.16933692,0.031485926,0.13812871,Low Risk
237,98.48476,1.5152457,0.0,12.999999999999998,0.013853456,0.0094729895,0.022130923,0.015152457,Low Risk
239,75.3429,24.657103,18.0,65.0,0.33545026,0.4038039,0.00045887267,0.24657102,Low Risk
240,65.42119,34.578808,13.333333333333334,53.333333333333336,0.17070177,0.41111273,0.4555497,0.3457881,Moderate Risk
241,60.769608,39.230392,10.0,45.0,0.2559126,0.4622744,0.4587248,0.39230394,Moderate Risk
246,91.98403,8.0159645,10.0,34.0,0.1451067,0.09537224,0.0,0.08015964,Low Risk
247,95.80867,4.1913314,8.695652173913043,26.08695652173913,0.05374322,0.063353084,0.008643626,0.041913312,Low Risk
248,50.72534,49.27466,22.0,62.0,0.5563724,0.7412228,0.18064451,0.4927466,Moderate Risk
249,96.731064,3.2689362,7.4074074074074066,59.25925925925925,0.0719655,0.025086984,0.0010156048,0.032689363,Low Risk
251,22.270035,77.729965,23.333333333333332,75.0,0.84645206,0.9382257,0.5472211,0.77729964,High Risk
253,78.72455,21.27545,14.000000000000002,58.00000000000001,0.23562129,0.40184566,0.00079653226,0.2127545,Low Risk
254,90.61569,9.38431,14.000000000000002,43.0,0.1564917,0.12503761,0.0,0.0938431,Low Risk
256,61.677658,38.322346,35.714285714285715,98.80952380952381,0.40523583,0.70828736,0.036147144,0.38322344,Moderate Risk
257,85.23707,14.762932,0.0,35.29411764705882,0.28639063,0.14655954,0.009937803,0.14762932,Low Risk
259,20.145613,79.854385,33.33333333333333,61.66666666666667,0.9591772,0.9754786,0.46097586,0.7985439,High Risk
260,86.28868,13.711323,18.181818181818183,31.818181818181817,0.2199715,0.10840135,0.08296688,0.13711323,Low Risk
261,64.23856,35.761436,30.0,62.5,0.5448527,0.46127895,0.06671139,0.35761437,Moderate Risk
263,79.04406,20.955936,0.0,80.0,0.25953728,0.2652845,0.103856355,0.20955937,Low Risk
264,23.634655,76.36535,23.333333333333332,76.66666666666666,0.82337445,0.91872066,0.54886526,0.76365346,High Risk
265,53.99594,46.004055,45.45454545454545,95.45454545454545,0.6123793,0.71089375,0.056848537,0.46004054,Moderate Risk
266,91.34277,8.657222,11.11111111111111,35.18518518518518,0.14529812,0.10263425,0.011784282,0.08657222,Low Risk
268,78.4044,21.595596,14.285714285714285,57.14285714285714,0.2166257,0.41764283,0.01359939,0.21595597,Low Risk
270,95.17687,4.8231263,12.0,38.0,0.052329365,0.034593176,0.05777125,0.048231263,Low Risk
272,19.603157,80.39684,46.666666666666664,100.0,0.9753456,0.97111976,0.46543992,0.8039684,High Risk
273,88.51574,11.48426,8.0,27.999999999999996,0.21194488,0.13234252,0.00024039384,0.11484259,Low Risk
275,95.430244,4.5697556,4.0,20.0,0.06663439,0.07034197,0.000116305426,0.045697555,Low Risk
276,87.99356,12.006435,12.0,48.0,0.23120974,0.12898333,1.2781275e-29,0.120064355,Low Risk
277,97.1449,2.8551066,0.0,35.29411764705882,0.04879701,0.027385397,0.009470788,0.028551066,Low Risk
279,86.76242,13.237577,28.000000000000004,64.99999999999999,0.22254388,0.17405425,0.00052921084,0.13237578,Low Risk
281,47.94832,52.05168,40.0,93.0,0.80061066,0.76093966,0.0,0.5205168,Moderate Risk
284,99.07993,0.9200624,0.0,3.3333333333333326,0.013394273,0.011408595,0.0027990043,0.009200624,Low Risk
285,94.233955,5.766046,4.0,43.00000000000001,0.09253429,0.079297505,0.0011496021,0.05766046,Low Risk
286,94.49987,5.5001307,20.0,54.0,0.08300172,0.076586336,0.00541587,0.055001307,Low Risk
291,79.44553,20.554464,30.76923076923077,76.92307692307692,0.2590948,0.35753912,0.0,0.20554464,Low Risk
292,94.32992,5.670085,0.0,41.0,0.08942736,0.080483586,0.00019162032,0.05670085,Low Risk
293,44.16402,55.83598,6.0,61.00000000000001,0.14623182,0.59280264,0.936045,0.5583598,Moderate Risk
294,90.3058,9.694195,0.0,30.000000000000004,0.04776702,0.02671415,0.21634467,0.09694195,Low Risk
296,69.24162,30.758385,0.0,50.0,0.43265802,0.40928224,0.08081118,0.30758384,Moderate Risk
297,62.17041,37.829594,24.0,88.0,0.52582556,0.60906225,1.1429033e-11,0.37829593,Moderate Risk
299,87.42181,12.578196,0.0,59.09090909090908,0.16612577,0.077725865,0.13349421,0.12578195,Low Risk
302,19.219654,80.78034,40.0,90.0,0.9830423,0.9788205,0.46154773,0.80780345,High Risk
303,91.65588,8.344121,0.0,26.190476190476193,0.139966,0.10126614,0.009091491,0.083441205,Low Risk
304,79.819595,20.180405,27.27272727272727,59.09090909090909,0.28915322,0.21208161,0.104177296,0.20180404,Low Risk
305,76.94815,23.051847,0.0,55.769230769230774,0.23083569,0.44923615,0.011483602,0.23051848,Low Risk
307,20.999187,79.00082,23.333333333333332,86.66666666666667,0.8647707,0.95365477,0.5515991,0.7900081,High Risk
309,99.605354,0.39465088,6.0,31.0,0.005059182,0.006758106,2.22388e-05,0.0039465087,Low Risk
312,53.505527,46.49447,12.0,74.0,0.48678377,0.5127045,0.39534587,0.4649447,Moderate Risk
314,76.8812,23.118793,0.0,63.63636363636363,0.2796034,0.16697052,0.24698994,0.23118794,Low Risk
317,98.374664,1.6253326,2.0,35.0,0.024216618,0.012235402,0.012307956,0.016253326,Low Risk
318,91.8731,8.126901,0.0,32.5,0.13792664,0.10587679,3.58383e-06,0.081269,Low Risk
319,68.657936,31.342066,20.0,55.00000000000001,0.41760164,0.41091347,0.111746855,0.31342065,Moderate Risk
320,19.644445,80.35555,23.333333333333332,70.0,0.9390054,0.9281086,0.5435527,0.80355555,High Risk
323,94.600266,5.3997355,10.0,48.00000000000001,0.090065345,0.07192672,0.0,0.053997356,Low Risk
326,63.5108,36.489197,26.0,63.99999999999999,0.73234206,0.36223543,9.832727e-05,0.36489198,Moderate Risk
327,93.677864,6.3221326,6.0,46.0,0.11388577,0.07577821,0.0,0.06322133,Low Risk
331,95.81702,4.1829853,8.0,46.0,0.021898245,0.062491868,0.04109945,0.041829854,Low Risk
332,99.05112,0.9488809,0.0,26.66666666666667,0.014093227,0.011544005,0.0028291945,0.009488809,Low Risk
334,36.825554,63.174446,17.5,71.24999999999999,0.58567417,0.4797005,0.8298588,0.63174444,Moderate Risk
337,95.82074,4.1792617,0.0,31.999999999999996,0.052384462,0.07299338,1.5574203e-16,0.041792616,Low Risk
339,85.65088,14.349119,19.51219512195122,63.41463414634146,0.25390643,0.17656717,8.7961626e-13,0.1434912,Low Risk
340,81.10058,18.899424,15.0,42.5,0.24163722,0.26853082,0.05681475,0.18899424,Low Risk
343,98.11436,1.8856479,6.666666666666667,48.333333333333336,0.035031427,0.01779051,0.003747501,0.018856479,Low Risk
344,99.06798,0.93202406,0.0,30.000000000000004,0.013848989,0.00863979,0.005471941,0.0093202405,Low Risk
345,43.23867,56.76133,67.3913043478261,110.86956521739131,0.79892313,0.9039161,7.5729326e-07,0.5676133,Moderate Risk
346,84.56926,15.430738,7.6923076923076925,51.92307692307692,0.21987085,0.21881393,0.02423737,0.15430738,Low Risk
347,89.471924,10.528075,9.67741935483871,48.38709677419355,0.16556211,0.15028013,0.0,0.10528075,Low Risk
348,92.62833,7.371675,7.5,48.75,0.13172366,0.089414395,1.2192711e-05,0.07371675,Low Risk
349,38.04515,61.95485,20.0,58.333333333333336,0.6912652,0.78436106,0.38301915,0.6195485,Moderate Risk
350,91.89429,8.105712,14.000000000000002,69.0,0.0793957,0.16377567,0.0,0.081057124,Low Risk
351,96.552315,3.4476836,6.0,49.0,0.03127037,0.07216013,1.0700239e-10,0.034476835,Low Risk
352,93.97841,6.0215907,8.0,53.0,0.09540629,0.08523207,9.351035e-06,0.060215905,Low Risk
354,36.175365,63.824635,18.0,49.0,0.5828843,0.7310393,0.6008156,0.63824636,Moderate Risk
356,88.57759,11.422411,2.0,22.000000000000004,0.24350731,0.099165,0.0,0.114224106,Low Risk
357,87.92367,12.076328,2.0,46.0,0.21306077,0.1492291,0.0,0.12076328,Low Risk
358,93.85456,6.145433,12.0,44.00000000000001,0.069790006,0.11297856,0.0015944253,0.06145433,Low Risk
359,96.986435,3.0135646,4.0,49.00000000000001,0.060740627,0.029666316,0.0,0.030135646,Low Risk
360,82.579285,17.420713,10.0,48.0,0.10736656,0.39378443,0.021470409,0.17420714,Low Risk
366,87.87934,12.120661,36.36363636363637,97.72727272727273,0.21188073,0.15173909,0.0,0.121206604,Low Risk
367,20.866352,79.133644,13.333333333333334,65.0,0.9538678,0.95571285,0.46442875,0.7913365,High Risk
368,93.302635,6.6973605,12.0,38.0,0.09047804,0.1089871,0.0014556589,0.066973604,Low Risk
369,93.955215,6.044781,10.0,60.00000000000001,0.060207933,0.10139628,0.019739227,0.060447812,Low Risk
370,98.98075,1.0192441,2.0,28.000000000000004,0.013782902,0.016791124,3.2974642e-06,0.010192441,Low Risk
371,16.66615,83.33385,56.666666666666664,103.33333333333331,0.9681843,0.97558063,0.5562505,0.8333385,High Risk
375,85.093544,14.906456,8.0,29.000000000000004,0.23396626,0.21317944,4.797058e-05,0.14906456,Low Risk
376,77.466385,22.533615,18.0,50.0,0.24380448,0.43220395,3.301318e-09,0.22533615,Low Risk
381,90.2125,9.7874975,0.0,49.0,0.22239375,0.071231194,0.0,0.09787498,Low Risk
383,95.37253,4.6274705,0.0,60.0,0.024850711,0.081231594,0.032741815,0.046274707,Low Risk
385,48.611237,51.388763,0.0,64.99999999999999,0.18265198,0.81727743,0.54173356,0.51388764,Moderate Risk
388,88.51576,11.484233,0.0,42.85714285714286,0.16925861,0.17526841,5.2806175e-12,0.11484233,Low Risk
391,87.72317,12.276834,27.27272727272727,72.72727272727273,0.1744371,0.09887631,0.094991595,0.122768335,Low Risk
392,82.96604,17.033957,54.0,102.0,0.2866236,0.22439511,2.482723e-10,0.17033957,Low Risk
393,78.71005,21.289951,14.000000000000002,62.0,0.21777342,0.37658158,0.04434358,0.21289952,Low Risk
394,55.53062,44.469383,0.0,70.0,0.2939873,0.5053799,0.53471434,0.44469383,Moderate Risk
395,80.56493,19.435066,6.0,41.0,0.18201146,0.31562832,0.08541221,0.19435066,Low Risk
396,16.148096,83.851906,43.333333333333336,101.66666666666666,0.98701733,0.97917163,0.54936814,0.83851904,High Risk
397,91.13065,8.8693495,10.0,60.0,0.095832884,0.096488096,0.07375949,0.08869349,Low Risk
399,66.91408,33.085915,19.230769230769234,67.3076923076923,0.4318674,0.5606137,9.6363314e-05,0.33085915,Moderate Risk
401,90.30406,9.695941,20.0,47.5,0.07917795,0.13432214,0.07737816,0.09695941,Low Risk
402,39.638596,60.361404,0.0,60.0,0.5709715,0.6983519,0.5415188,0.60361403,Moderate Risk
403,93.69498,6.305022,6.0,39.0,0.066819206,0.12233046,9.832306e-07,0.06305022,Low Risk
404,88.82353,11.176467,6.0,36.0,0.13406439,0.20122959,2.1556348e-08,0.11176467,Low Risk
405,19.15052,80.84948,43.333333333333336,85.00000000000001,0.98357576,0.98277825,0.45913044,0.8084948,High Risk
406,83.21867,16.78133,0.0,44.0,0.30840325,0.19164602,0.0033906375,0.1678133,Low Risk
407,56.912315,43.08769,18.0,67.0,0.5165749,0.7522461,0.023809642,0.43087688,Moderate Risk
408,45.25833,54.74167,18.181818181818183,81.81818181818181,0.31385362,0.41193953,0.9164569,0.5474167,Moderate Risk
410,89.10152,10.898486,0.0,38.095238095238095,0.15935373,0.12570968,0.041891165,0.10898486,Low Risk
411,79.03287,20.967133,0.0,50.0,0.28629223,0.27558902,0.06713271,0.20967132,Low Risk
412,88.64614,11.353863,0.0,42.85714285714286,0.21333058,0.12728532,1.3361595e-10,0.11353863,Low Risk
414,64.109634,35.890366,25.0,55.00000000000001,0.62222445,0.45448646,0.0,0.35890365,Moderate Risk
415,95.055336,4.944666,2.127659574468085,70.2127659574468,0.06990275,0.0784372,1.9166361e-08,0.049446657,Low Risk
416,96.94911,3.0508904,0.0,43.00000000000001,0.06357035,0.027956363,0.0,0.030508906,Low Risk
417,82.301865,17.698137,10.0,75.0,0.24680994,0.1830009,0.10113329,0.17698137,Low Risk
422,83.30883,16.691174,20.0,61.25000000000001,0.23612657,0.25152892,0.013079732,0.16691174,Low Risk
424,79.41957,20.580431,10.0,50.0,0.01897077,0.056749124,0.54169303,0.2058043,Low Risk
425,47.65254,52.34746,4.0,60.0,0.19279474,0.45043176,0.9271973,0.52347463,Moderate Risk
427,45.998413,54.001587,10.0,67.5,0.60370874,0.87556994,0.14076892,0.5400159,Moderate Risk
428,58.538914,41.46109,16.0,49.0,0.71835804,0.51857847,0.0068961075,0.4146109,Moderate Risk
429,94.362816,5.6371813,8.0,37.0,0.09099965,0.0781153,4.881087e-07,0.05637181,Low Risk
431,86.9663,13.033702,4.0,39.0,0.22764777,0.16336326,1.4985445e-13,0.13033701,Low Risk
432,87.146736,12.853267,10.0,35.0,0.13594814,0.24964985,0.0,0.12853266,Low Risk
435,81.7032,18.2968,4.166666666666666,54.16666666666667,0.20166175,0.34723815,4.1217363e-06,0.182968,Low Risk
437,77.8043,22.195704,41.17647058823529,73.52941176470588,0.33421713,0.32573608,0.0059178476,0.22195703,Low Risk
439,75.6488,24.351198,14.285714285714285,28.57142857142857,0.31361973,0.4169162,2.3029766e-10,0.24351197,Low Risk
441,97.59254,2.4074638,2.0,36.0,0.015599515,0.021506004,0.035118394,0.024074638,Low Risk
443,30.395538,69.60446,30.0,63.33333333333333,0.802527,0.79668593,0.4889208,0.6960446,Moderate Risk
444,91.66858,8.33142,12.0,40.0,0.14784804,0.10209457,6.526294e-11,0.0833142,Low Risk
445,93.944336,6.055668,0.0,45.45454545454546,0.05964273,0.047217164,0.074810155,0.06055668,Low Risk
446,75.65096,24.349033,9.523809523809524,57.14285714285714,0.31383246,0.41663855,2.2467368e-11,0.24349034,Low Risk
447,86.35653,13.643474,0.0,83.33333333333334,0.2062344,0.15727887,0.045790926,0.13643473,Low Risk
448,74.996605,25.0034,0.0,60.0,0.3258476,0.38164017,0.04261431,0.250034,Low Risk
449,21.965832,78.03417,10.0,78.33333333333333,0.95852005,0.92682886,0.45567617,0.7803417,High Risk
450,78.53465,21.46535,10.0,63.0,0.34079963,0.3031607,1.06178746e-07,0.21465349,Low Risk
453,74.237785,25.762213,12.903225806451612,56.4516129032258,0.064785145,0.23507929,0.47300196,0.25762212,Low Risk
454,88.72901,11.270991,0.0,63.63636363636363,0.12634735,0.19749719,0.01428519,0.11270991,Low Risk
455,45.955807,54.044193,0.0,43.75,0.31361973,0.4168379,0.89086807,0.54044193,Moderate Risk
456,77.070724,22.929277,2.5,70.0,0.09244315,0.47818872,0.117246434,0.22929277,Low Risk
457,95.13253,4.867471,8.0,55.00000000000001,0.067212634,0.078811504,0.0,0.048674714,Low Risk
458,98.50686,1.4931407,5.0,20.0,0.022750054,0.019214734,0.002829431,0.014931407,Low Risk
461,95.783875,4.2161283,0.0,28.000000000000004,0.06255724,0.06392601,5.8869057e-07,0.042161286,Low Risk
464,98.2758,1.7241961,0.0,38.0,0.028277174,0.023448704,0.0,0.01724196,Low Risk
466,75.04261,24.95739,27.77777777777778,61.111111111111114,0.29725507,0.44192952,0.009537087,0.2495739,Low Risk
469,94.53352,5.466473,2.0,20.999999999999996,0.09200348,0.071990706,0.0,0.05466473,Low Risk
471,78.181335,21.818668,0.0,41.666666666666664,0.35231772,0.29340228,0.008840045,0.21818668,Low Risk
473,73.055214,26.944786,20.0,41.0,0.23827721,0.5696025,0.00046389303,0.26944786,Low Risk
477,92.37412,7.625877,22.22222222222222,50.0,0.16932933,0.058113493,0.0013334741,0.07625877,Low Risk
478,92.42914,7.570865,0.0,42.85714285714286,0.123118706,0.099273585,0.00473367,0.07570865,Low Risk
483,85.30117,14.698834,5.263157894736842,47.36842105263158,0.17721201,0.25770542,0.0060475655,0.14698835,Low Risk
486,76.86559,23.134403,36.36363636363637,77.27272727272727,0.29880837,0.39522374,4.367934e-09,0.23134403,Low Risk
491,87.23489,12.765105,0.0,40.0,0.16561805,0.2173351,1.5200145e-12,0.12765105,Low Risk
492,92.8159,7.184099,4.0,36.0,0.13824221,0.07728077,0.0,0.071840994,Low Risk
494,50.443493,49.556507,0.0,44.44444444444444,0.27432472,0.2754965,0.93687403,0.4955651,Moderate Risk
495,83.48407,16.515928,0.0,100.0,0.28523365,0.2102442,1.0146093e-11,0.16515929,Low Risk
496,91.04468,8.955327,3.7037037037037033,35.18518518518518,0.15461919,0.10855669,0.0054839123,0.08955327,Low Risk
498,74.76691,25.233095,18.0,64.0,0.42614403,0.3205218,0.010327037,0.25233096,Low Risk
502,90.35245,9.647552,6.0,43.00000000000001,0.2099825,0.07944405,1.1020455e-15,0.09647552,Low Risk
504,88.91231,11.087689,6.0,40.0,0.16619399,0.13193217,0.034504544,0.110876895,Low Risk
505,74.21417,25.785828,0.0,31.25,0.41007698,0.34040263,0.02309523,0.25785828,Low Risk
506,89.21345,10.786551,6.0,37.0,0.19207351,0.13152301,0.0,0.10786551,Low Risk
507,65.8051,34.1949,14.000000000000002,51.0,0.5801006,0.43647775,0.009268775,0.34194902,Moderate Risk
510,57.913696,42.086308,20.0,72.22222222222221,0.6424884,0.62010086,0.0,0.42086306,Moderate Risk
511,63.69741,36.30259,8.0,50.0,0.07286491,0.074471846,0.941741,0.3630259,Moderate Risk
512,65.643166,34.356834,2.0,44.0,0.033151895,0.03329719,0.9642559,0.34356833,Moderate Risk
513,24.861485,75.13851,6.666666666666667,76.66666666666666,0.8876083,0.924054,0.44249305,0.75138515,High Risk
515,70.836494,29.163507,70.0,110.00000000000001,0.40334332,0.37867662,0.09288518,0.29163507,Low Risk
516,74.25882,25.741186,12.0,50.0,0.32636422,0.3445232,0.10134814,0.25741187,Low Risk
518,94.633575,5.366419,12.0,40.0,0.11441169,0.045913823,0.00066704873,0.05366419,Low Risk
520,19.762135,80.23787,40.0,80.0,0.97683847,0.9749258,0.45537174,0.80237865,High Risk
521,88.53659,11.46341,16.0,54.0,0.10287759,0.24102473,6.722583e-10,0.114634104,Low Risk
523,29.88134,70.11866,36.95652173913043,83.69565217391305,0.80045164,0.70341295,0.59969527,0.7011866,High Risk
524,35.684593,64.31541,60.0,85.00000000000001,0.9624424,0.96701986,0.0,0.6431541,Moderate Risk
526,83.91205,16.087952,2.0,61.0,0.06976073,0.40768936,0.005188399,0.16087951,Low Risk
527,50.441505,49.5585,15.384615384615385,46.15384615384615,0.3257504,0.62079155,0.54021305,0.495585,Moderate Risk
528,67.24409,32.755913,0.0,35.0,0.078392684,0.07950135,0.8247834,0.32755914,Moderate Risk
532,82.729416,17.270584,33.33333333333333,91.66666666666666,0.23396161,0.28415594,1.2803238e-10,0.17270584,Low Risk
533,98.05189,1.9481117,0.0,28.000000000000004,0.011935919,0.015629785,0.030877652,0.019481117,Low Risk
534,64.97909,35.020916,7.6923076923076925,84.61538461538461,0.16584434,0.14721818,0.737565,0.35020915,Moderate Risk
535,88.48273,11.517277,11.11111111111111,36.111111111111114,0.17821302,0.16730526,0.0,0.115172766,Low Risk
536,94.92447,5.075534,6.0,40.0,0.07647799,0.07578257,5.457033e-06,0.050755337,Low Risk
538,20.53771,79.46229,10.0,71.66666666666667,0.8683049,0.9642602,0.5513036,0.7946229,High Risk
540,88.19368,11.806318,0.0,52.94117647058824,0.18579777,0.16839178,1.7913906e-12,0.11806318,Low Risk
541,99.45018,0.5498245,6.0,35.0,0.0088636475,0.0076122354,1.8851602e-05,0.005498245,Low Risk
542,90.57469,9.425308,0.0,36.0,0.019648701,0.016124139,0.24698642,0.094253086,Low Risk
543,73.94691,26.053091,16.666666666666664,52.77777777777778,0.41745603,0.36411873,1.7972048e-05,0.26053092,Low Risk
545,69.01557,30.984423,56.00000000000001,108.0,0.5387839,0.39074877,4.8287138e-17,0.30984423,Moderate Risk
549,84.13476,15.865239,0.0,14.999999999999996,0.008055237,0.02355602,0.44434592,0.1586524,Low Risk
551,55.12457,44.875427,26.0,69.0,0.3113523,0.41262314,0.6222874,0.44875428,Moderate Risk
552,92.714035,7.285962,0.0,18.181818181818183,0.06358848,0.045052003,0.10993839,0.07285962,Low Risk
553,71.68151,28.318485,15.789473684210526,44.73684210526315,0.4313327,0.41176483,0.006457038,0.28318486,Low Risk
554,80.93903,19.060963,30.76923076923077,53.846153846153854,0.26212996,0.30969885,8.006383e-21,0.19060962,Low Risk
557,28.934479,71.06552,0.0,80.0,0.6845908,0.9118332,0.5355416,0.7106552,High Risk
559,88.03031,11.96969,3.4482758620689653,56.89655172413792,0.2205598,0.114156865,0.02437403,0.11969691,Low Risk
560,81.82839,18.171606,14.814814814814813,40.74074074074075,0.3670327,0.17811547,0.0,0.18171607,Low Risk
562,46.494198,53.505802,31.25,62.5,0.51253235,0.7159028,0.37673888,0.535058,Moderate Risk
563,82.23546,17.764545,3.3333333333333335,20.0,0.028976932,0.050368875,0.45359057,0.17764546,Low Risk
564,49.39468,50.60532,22.5,71.25,0.69400734,0.8241523,1.5810934e-26,0.5060532,Moderate Risk
565,86.69777,13.302231,30.303030303030305,78.78787878787878,0.16293274,0.2361342,0.0,0.13302231,Low Risk
567,92.488686,7.5113134,8.0,52.0,0.1297864,0.095552996,1.8644628e-14,0.07511313,Low Risk
568,93.041435,6.9585695,2.0,28.000000000000004,0.07839246,0.06767419,0.06269044,0.069585696,Low Risk
569,95.079216,4.9207864,2.5,42.5,0.033111364,0.06687895,0.047633268,0.049207862,Low Risk
570,91.22084,8.779156,26.0,68.0,0.16091423,0.102460444,1.5731076e-29,0.08779156,Low Risk
575,99.2931,0.70689744,0.0,18.000000000000004,0.012477232,0.008615328,0.0001143626,0.0070689744,Low Risk
576,78.193825,21.806175,38.095238095238095,85.71428571428572,0.2758205,0.37836468,1.0575592e-07,0.21806176,Low Risk
579,18.545156,81.45484,7.6923076923076925,76.92307692307692,0.9652331,0.9407486,0.5376635,0.81454843,High Risk
581,47.398956,52.601044,14.000000000000002,51.0,0.6122779,0.7227531,0.24300028,0.52601045,Moderate Risk
582,91.971054,8.028951,5.88235294117647,64.70588235294117,0.10922278,0.13164574,2.6024625e-13,0.080289505,Low Risk
583,25.91092,74.08908,6.666666666666667,63.33333333333333,0.8369788,0.9352493,0.45044437,0.7408908,High Risk
584,65.583824,34.416176,6.0,50.0,0.050477523,0.050666384,0.9313413,0.34416175,Moderate Risk
585,86.241005,13.758995,16.0,60.0,0.13769084,0.275079,2.5057918e-17,0.13758995,Low Risk
587,88.12048,11.879516,12.0,38.0,0.23955667,0.10559787,0.0112309335,0.11879516,Low Risk
589,96.44527,3.5547311,6.0,41.0,0.07094739,0.035346948,0.0003475974,0.035547312,Low Risk
596,94.32992,5.6700807,0.0,29.000000000000004,0.07570163,0.091640286,0.0027604955,0.056700807,Low Risk
597,98.61403,1.3859693,0.0,31.000000000000007,0.0065276157,0.033703383,0.0013480823,0.013859693,Low Risk
599,76.85196,23.14804,4.0,71.0,0.31392604,0.3805152,2.6691784e-09,0.2314804,Low Risk
603,83.745384,16.254616,10.0,52.0,0.31600568,0.17163281,0.0,0.16254616,Low Risk
604,80.87312,19.12688,11.76470588235294,41.17647058823529,0.29127175,0.2344306,0.04810405,0.1912688,Low Risk
605,88.65339,11.346615,20.0,55.00000000000001,0.21325664,0.12538977,0.0017520122,0.11346614,Low Risk
607,84.6006,15.3994,0.0,36.36363636363637,0.24721842,0.15653361,0.05822996,0.153994,Low Risk
612,75.64974,24.350254,0.0,75.0,0.3137549,0.41675273,1.5995945e-10,0.24350254,Low Risk
613,92.12112,7.878884,4.545454545454546,31.818181818181824,0.048907515,0.053899143,0.13355985,0.07878884,Low Risk
614,89.9584,10.041604,14.000000000000002,67.0,0.124782845,0.17600241,0.00046290332,0.10041604,Low Risk
615,60.310436,39.689564,17.647058823529413,52.94117647058824,0.29939973,0.20169562,0.68959165,0.39689565,Moderate Risk
618,17.480541,82.51946,16.666666666666664,68.33333333333333,0.9618303,0.9679963,0.54575723,0.8251946,High Risk
620,88.29475,11.705254,0.0,63.63636363636363,0.1923627,0.11754043,0.04125449,0.11705253,Low Risk
621,25.93147,74.06853,0.0,73.33333333333334,0.79612505,0.88307005,0.5428606,0.7406853,High Risk
622,54.39024,45.60976,12.5,48.75,0.681097,0.590593,0.09660296,0.4560976,Moderate Risk
623,27.418358,72.58164,10.0,63.33333333333333,0.82163167,0.91229,0.44352755,0.7258164,High Risk
627,94.74862,5.251375,12.5,50.0,0.06977936,0.073227435,0.014534459,0.052513752,Low Risk
630,69.80205,30.197958,18.181818181818183,54.54545454545454,0.43226728,0.40670106,0.06697038,0.30197957,Moderate Risk
631,58.188354,41.81164,3.3333333333333335,68.33333333333333,0.08776738,0.6255433,0.5410386,0.41811642,Moderate Risk
632,74.254326,25.745672,20.0,60.00000000000001,0.34747973,0.37586132,0.049029104,0.25745672,Low Risk
636,75.03306,24.966944,28.000000000000004,68.0,0.33197322,0.38022253,0.036812548,0.24966943,Low Risk
637,89.11565,10.884359,5.555555555555555,38.888888888888886,0.1787002,0.117604,0.030226579,0.108843595,Low Risk
638,94.20227,5.7977295,0.0,34.375,0.030311907,0.013805241,0.12981473,0.057977293,Low Risk
639,92.358055,7.6419463,10.0,55.00000000000001,0.15892853,0.07032987,4.71121e-17,0.076419465,Low Risk
641,30.670856,69.32914,12.0,64.0,0.46687323,0.6934527,0.9195482,0.6932914,Moderate Risk
642,92.54953,7.450468,2.0,30.000000000000004,0.16364397,0.05987008,1.2240117e-10,0.07450468,Low Risk
643,66.57412,33.425884,10.0,50.0,0.3155356,0.122906595,0.5643343,0.33425882,Moderate Risk
644,98.34007,1.65993,0.0,25.0,0.020849057,0.020263696,0.008685145,0.0165993,Low Risk
645,95.06201,4.93799,12.0,51.0,0.0328084,0.029178234,0.08615309,0.049379904,Low Risk
646,91.39864,8.6013565,4.0,32.0,0.16162802,0.09638296,2.9707006e-05,0.08601356,Low Risk
652,21.967012,78.03299,0.0,83.33333333333334,0.8624016,0.94036853,0.5382196,0.7803299,High Risk
654,88.1866,11.813404,0.0,20.0,0.005154398,0.0151902195,0.3340575,0.118134044,Low Risk
658,18.977594,81.02241,46.666666666666664,91.66666666666667,0.9879718,0.98458385,0.4581165,0.81022406,High Risk
660,20.166021,79.83398,16.666666666666664,95.0,0.9804312,0.962877,0.45171115,0.7983398,High Risk
661,96.69903,3.300969,6.0,38.0,0.021791669,0.0541012,0.023136206,0.03300969,Low Risk
662,76.026306,23.973696,10.0,57.49999999999999,0.3445956,0.3456061,0.029009191,0.23973696,Low Risk
663,58.514847,41.485153,38.095238095238095,84.52380952380952,0.6386504,0.57593775,0.029966403,0.41485152,Moderate Risk
665,94.744835,5.255164,12.0,47.0,0.10737578,0.0502776,1.5431484e-06,0.052551642,Low Risk
668,94.974304,5.025699,2.0,61.0,0.059515547,0.08568753,0.005567892,0.050256994,Low Risk
669,95.25638,4.7436256,9.75609756097561,58.53658536585367,0.07157188,0.07073689,1.373173e-10,0.047436256,Low Risk
671,37.199013,62.800987,18.0,53.0,0.5100067,0.6455449,0.728478,0.62800986,Moderate Risk
673,99.580315,0.41967943,8.0,39.0,0.0071985503,0.005391833,0.0,0.0041967942,Low Risk
678,87.705185,12.294815,21.951219512195124,52.4390243902439,0.18506968,0.17959903,0.0041757314,0.12294815,Low Risk
679,95.58521,4.4147873,2.2222222222222223,36.66666666666667,0.040612645,0.09183098,7.3327806e-16,0.044147875,Low Risk
680,44.30347,55.69653,10.0,56.00000000000001,0.28557155,0.3857723,0.999552,0.5569653,Moderate Risk
681,75.99325,24.006756,26.0,70.0,0.29582983,0.4107218,0.013651043,0.24006756,Low Risk
685,93.62641,6.373588,0.0,54.54545454545454,0.0756172,0.033570785,0.08201965,0.06373588,Low Risk
687,94.53785,5.4621515,0.0,27.0,0.07328615,0.090377435,0.00020096087,0.054621518,Low Risk
688,80.208855,19.791145,29.411764705882355,73.52941176470588,0.30050108,0.29323328,0.0,0.19791146,Low Risk
689,93.39861,6.6013856,4.0,21.999999999999996,0.15273511,0.045306455,0.0,0.06601386,Low Risk
690,46.97322,53.02678,24.0,62.0,0.738929,0.85187256,1.8788122e-06,0.5302678,Moderate Risk
691,52.383102,47.616898,10.0,60.0,0.3646916,0.52663696,0.5371783,0.47616896,Moderate Risk
692,99.30674,0.69326234,2.0,22.000000000000004,0.009099915,0.011680782,1.7170894e-05,0.006932623,Low Risk
693,22.436268,77.563736,3.3333333333333335,85.00000000000001,0.8452552,0.9439531,0.5377037,0.7756373,High Risk
694,92.325294,7.674703,0.0,29.41176470588236,0.12507959,0.1051615,1.8961627e-10,0.07674703,Low Risk
695,17.158348,82.84165,30.0,91.66666666666666,0.98008806,0.95836383,0.54679763,0.8284165,High Risk
697,74.40586,25.594143,10.0,50.0,0.38076562,0.34901023,0.03804843,0.25594142,Low Risk
702,96.654366,3.3456314,3.225806451612903,61.29032258064515,0.068776704,0.023388494,0.008203748,0.033456314,Low Risk
704,75.14581,24.854189,0.0,46.666666666666664,0.33412617,0.295439,0.116060495,0.24854189,Low Risk
705,96.66523,3.3347754,6.0,52.0,0.060614057,0.039429206,9.485943e-19,0.033347756,Low Risk
708,89.58456,10.41545,0.0,31.11111111111111,0.19408785,0.118375644,0.0,0.1041545,Low Risk
709,96.74576,3.2542393,11.76470588235294,29.411764705882355,0.051317878,0.046309303,1.2520917e-11,0.032542393,Low Risk
710,95.54425,4.4557524,0.0,0.0,0.05335469,0.02899493,0.05132294,0.044557523,Low Risk
712,72.854164,27.145832,58.82352941176471,102.94117647058823,0.4766963,0.3301517,0.0075269137,0.27145833,Low Risk
713,86.805016,13.194984,11.11111111111111,64.81481481481481,0.24302137,0.15035109,0.0024770622,0.13194984,Low Risk
714,88.29123,11.70877,18.51851851851852,51.85185185185185,0.23259312,0.11866999,0.0,0.1170877,Low Risk
715,89.614624,10.385375,8.0,74.0,0.15174654,0.15981472,4.1397463e-09,0.103853755,Low Risk
716,91.384155,8.615843,2.0,49.0,0.15132323,0.10715207,0.0,0.08615843,Low Risk
719,44.392513,55.607487,25.0,62.5,0.28988662,0.43289566,0.94544226,0.55607486,Moderate Risk
721,20.475214,79.52479,20.0,75.0,0.95223945,0.97804266,0.45546156,0.79524785,High Risk
722,22.651243,77.348755,20.0,75.0,0.94236004,0.91789764,0.46020517,0.77348757,High Risk
723,78.13692,21.86308,21.428571428571427,64.28571428571428,0.29861706,0.35727534,4.648301e-17,0.21863079,Low Risk
724,98.41838,1.5816206,12.0,41.0,0.026089912,0.021069698,0.00028900377,0.015816206,Low Risk
725,47.853313,52.146687,28.000000000000004,70.0,0.646906,0.77950454,0.13798997,0.52146685,Moderate Risk
730,94.96794,5.032065,6.0,46.0,0.07102906,0.079928726,4.164464e-06,0.05032065,Low Risk
731,68.41183,31.588173,4.0,70.0,0.34836274,0.59928244,0.0,0.31588173,Moderate Risk
732,79.30027,20.699728,0.0,50.0,0.3008094,0.17599072,0.14419171,0.20699728,Low Risk
733,94.632126,5.367874,8.0,52.0,0.051985383,0.10905085,0.0,0.05367874,Low Risk
735,68.019165,31.980837,4.545454545454546,61.36363636363635,0.09209127,0.3290807,0.5382531,0.31980836,Moderate Risk
736,98.073166,1.9268308,6.0,42.00000000000001,0.02784174,0.02604671,0.0039164773,0.019268308,Low Risk
737,96.77042,3.2295818,26.53061224489796,79.59183673469387,0.06506796,0.031819493,0.0,0.03229582,Low Risk
738,72.40671,27.593294,9.090909090909092,90.9090909090909,0.36860788,0.41124797,0.047943007,0.27593294,Low Risk
739,85.128746,14.871259,2.0,46.0,0.021988915,0.021705633,0.4024432,0.14871259,Low Risk
741,79.27901,20.720993,6.0,51.0,0.09410512,0.17522153,0.35230312,0.20720993,Low Risk
744,19.641018,80.35898,36.666666666666664,80.0,0.9736186,0.98018277,0.45696798,0.8035898,High Risk
745,90.13616,9.863838,11.11111111111111,74.07407407407408,0.18793416,0.09767051,0.010310514,0.098638386,Low Risk
746,36.008293,63.991707,20.0,73.33333333333334,0.5682601,0.89748484,0.45400625,0.6399171,Moderate Risk
747,72.32386,27.676144,30.0,67.0,0.32568422,0.4584986,0.04610158,0.27676144,Low Risk
748,96.276955,3.7230432,6.0,29.000000000000004,0.078902304,0.0324583,0.00033068887,0.037230432,Low Risk
749,79.59885,20.401152,14.000000000000002,56.00000000000001,0.3608233,0.23436259,0.016848681,0.20401151,Low Risk
751,75.06691,24.933088,10.0,80.0,0.31953913,0.27258754,0.15586594,0.24933088,Low Risk
752,92.46108,7.5389185,5.263157894736842,42.10526315789473,0.058750026,0.08507089,0.08234665,0.075389184,Low Risk
754,35.103577,64.89642,41.17647058823529,97.05882352941177,0.97098356,0.9759091,0.0,0.6489642,Moderate Risk
756,46.5015,53.4985,20.0,57.00000000000001,0.8277075,0.77724737,4.143426e-17,0.534985,Moderate Risk
757,82.488235,17.511766,4.0,43.0,0.24679182,0.27600446,0.002556721,0.17511767,Low Risk
759,53.455017,46.544983,60.0,112.00000000000001,0.6350116,0.760733,0.0006049748,0.46544984,Moderate Risk
760,72.311066,27.688936,10.0,35.0,0.24869868,0.36034995,0.22161947,0.27688935,Low Risk
761,82.74104,17.258959,3.7037037037037033,57.40740740740742,0.31050596,0.20171411,0.0055486276,0.17258959,Low Risk
763,80.250145,19.749855,10.0,53.0,0.20890702,0.18397509,0.19961357,0.19749856,Low Risk
765,75.029816,24.970184,54.54545454545454,86.36363636363636,0.33250043,0.4166051,2.8025377e-11,0.24970184,Low Risk
767,65.78802,34.211983,38.88888888888889,77.77777777777779,0.39479065,0.6063182,0.025250599,0.3421198,Moderate Risk
769,45.560963,54.439037,0.0,70.0,0.31874457,0.77742445,0.53700215,0.5443904,Moderate Risk
772,74.3209,25.6791,23.52941176470588,88.23529411764706,0.34726328,0.42310974,0.0,0.256791,Low Risk
774,45.74731,54.25269,20.0,56.00000000000001,0.61204225,0.83329356,0.18224478,0.5425269,Moderate Risk
775,87.7437,12.2563,14.000000000000002,46.0,0.12645818,0.20368236,0.037548456,0.122563,Low Risk
776,31.8484,68.151596,0.0,73.33333333333334,0.69034284,0.9057926,0.44841272,0.681516,Moderate Risk
778,98.94237,1.0576293,0.0,16.666666666666664,0.016548155,0.0123569695,0.002823754,0.010576293,Low Risk
779,89.91118,10.088819,0.0,40.90909090909091,0.17477858,0.10227185,0.0256141,0.100888185,Low Risk
780,75.59735,24.402647,0.0,33.333333333333336,0.31542984,0.41664955,2.1783847e-11,0.24402647,Low Risk
781,78.95378,21.046213,24.0,75.0,0.1975808,0.43380558,3.7825737e-18,0.21046214,Low Risk
782,58.67975,41.320255,25.0,70.0,0.67298394,0.53639805,0.03022569,0.41320255,Moderate Risk
783,94.07715,5.922852,16.0,44.0,0.067404754,0.03102883,0.079251975,0.05922852,Low Risk
788,69.88266,30.117338,0.0,60.0,0.43142995,0.40364915,0.06844107,0.3011734,Moderate Risk
789,60.534225,39.465775,44.11764705882353,83.82352941176471,0.211448,0.24446097,0.72806436,0.39465776,Moderate Risk
791,77.96403,22.035976,0.0,57.14285714285714,0.3201058,0.3409735,8.873924e-11,0.22035976,Low Risk
792,98.67601,1.3239863,8.0,49.00000000000001,0.021187713,0.018515002,1.687658e-05,0.013239863,Low Risk
793,86.47716,13.522841,0.0,54.54545454545454,0.07016461,0.046620935,0.28889966,0.13522841,Low Risk
794,54.21605,45.78395,0.0,60.0,0.08287366,0.7493493,0.54129547,0.4578395,Moderate Risk
795,91.82295,8.177046,10.0,75.0,0.072258934,0.10428455,0.06876791,0.08177046,Low Risk
797,53.601883,46.398113,20.0,60.00000000000001,0.62555677,0.7662323,0.00015426318,0.46398112,Moderate Risk
800,82.894424,17.105574,35.0,82.5,0.27336836,0.20932,0.03047886,0.17105573,Low Risk
801,97.48439,2.5156078,8.0,56.00000000000001,0.05150362,0.023964612,0.0,0.025156079,Low Risk
803,86.43955,13.560449,3.3333333333333335,36.66666666666667,0.2265286,0.18028487,0.0,0.13560449,Low Risk
805,54.126694,45.873306,6.666666666666667,53.333333333333336,0.27318656,0.11681072,0.986202,0.45873308,Moderate Risk
806,26.35336,73.64664,20.0,73.33333333333334,0.8197165,0.84095716,0.5487255,0.7364664,High Risk
809,85.23512,14.7648735,8.0,62.0,0.15849547,0.22957186,0.054878857,0.14764874,Low Risk
810,94.64659,5.3534093,8.0,48.00000000000001,0.08103592,0.07956438,1.98755e-06,0.053534094,Low Risk
811,83.045685,16.954315,9.090909090909092,54.54545454545454,0.28699988,0.19397137,0.027658219,0.16954315,Low Risk
812,65.55307,34.44693,10.0,48.0,0.40726185,0.626032,0.00011411097,0.3444693,Moderate Risk
813,82.93246,17.06754,10.0,58.00000000000001,0.2636247,0.21493807,0.033463396,0.1706754,Low Risk
816,94.283676,5.7163224,0.0,55.00000000000001,0.12183911,0.049650557,0.0,0.057163224,Low Risk
817,84.8471,15.1529,6.0,29.000000000000004,0.2958997,0.1586873,4.7376544e-11,0.151529,Low Risk
820,94.328545,5.6714544,12.0,42.00000000000001,0.07797726,0.0921469,1.9467969e-05,0.056714546,Low Risk
823,16.831089,83.168915,7.6923076923076925,76.92307692307692,0.9764296,0.97873884,0.53989893,0.8316891,High Risk
824,98.771416,1.2285846,2.0,46.0,0.020724805,0.016132735,1.0058359e-27,0.012285846,Low Risk
827,94.38622,5.6137815,0.0,32.608695652173914,0.09254034,0.07587311,2.4786266e-09,0.056137815,Low Risk
833,94.920265,5.0797315,16.666666666666664,53.333333333333336,0.1045902,0.046556722,0.001245023,0.050797313,Low Risk
834,79.240166,20.759834,29.411764705882355,79.41176470588235,0.43682706,0.18319465,0.0027733464,0.20759834,Low Risk
835,80.3788,19.6212,7.4074074074074066,48.148148148148145,0.32678378,0.26185223,1.593749e-19,0.19621201,Low Risk
837,87.04405,12.955955,20.0,59.0,0.2029061,0.18577254,0.0,0.12955955,Low Risk
838,65.35176,34.64824,36.36363636363637,45.45454545454545,0.59702927,0.37982976,0.06258818,0.3464824,Moderate Risk
839,19.113708,80.88629,40.0,85.0,0.98884296,0.9827555,0.45499033,0.8088629,High Risk
840,19.517845,80.482155,53.333333333333336,93.33333333333333,0.98988444,0.9753781,0.44920224,0.80482155,High Risk
841,94.64435,5.3556514,18.0,47.0,0.07957345,0.081096075,0.0,0.053556513,Low Risk
843,79.42867,20.571325,0.0,31.25,0.03875897,0.027180983,0.5511998,0.20571326,Low Risk
844,94.66759,5.3324113,2.0,26.0,0.08615505,0.07381728,2.2279372e-09,0.053324115,Low Risk
845,97.93467,2.06533,19.51219512195122,54.87804878048781,0.034044813,0.027538922,0.0003761637,0.0206533,Low Risk
846,94.385284,5.6147175,0.0,50.0,0.091818415,0.039233517,0.03738961,0.056147177,Low Risk
847,66.98575,33.01425,27.27272727272727,75.0,0.55851454,0.40305418,0.028858896,0.33014253,Moderate Risk
849,85.30577,14.694227,5.88235294117647,50.0,0.26748604,0.13120276,0.042138055,0.14694227,Low Risk
850,88.94925,11.05075,14.000000000000002,50.0,0.20180282,0.12971967,4.753382e-16,0.110507496,Low Risk
851,16.75778,83.24222,13.333333333333334,76.66666666666666,0.9683417,0.9823165,0.5466083,0.8324222,High Risk
852,48.31782,51.68218,10.0,53.333333333333336,0.43778235,0.5666546,0.5460283,0.5168218,Moderate Risk
854,79.64272,20.357277,16.666666666666664,77.77777777777779,0.22958545,0.36766008,0.013472818,0.20357276,Low Risk
856,85.845474,14.15453,14.000000000000002,46.0,0.28000772,0.14462817,7.3928156e-20,0.1415453,Low Risk
857,85.85606,14.143942,0.0,15.0,0.03498974,0.021389913,0.3679386,0.14143942,Low Risk
858,75.14166,24.85834,0.0,75.0,0.37724516,0.31667218,0.05183286,0.24858339,Low Risk
861,45.247192,54.752808,0.0,38.46153846153846,0.3133736,0.3646933,0.96451735,0.5475281,Moderate Risk
863,92.08867,7.9113326,0.0,31.818181818181817,0.111848585,0.057410482,0.0680809,0.07911333,Low Risk
867,94.444664,5.5553374,2.0,26.0,0.0906686,0.07599152,1.6884246e-23,0.055553373,Low Risk
868,33.21905,66.780945,0.0,76.66666666666666,0.61669147,0.8518901,0.5348468,0.6678095,Moderate Risk
869,89.448456,10.551542,14.000000000000002,49.00000000000001,0.16208605,0.15446022,0.0,0.10551542,Low Risk
870,81.00394,18.996067,8.0,60.00000000000001,0.33268914,0.23719293,3.9747247e-11,0.18996067,Low Risk
872,90.37439,9.62561,10.0,51.0,0.047079828,0.023812091,0.21787637,0.0962561,Low Risk
873,91.12122,8.878776,16.0,62.0,0.12129213,0.14507112,7.233676e-17,0.08878776,Low Risk
878,95.21036,4.789646,8.0,38.0,0.06645569,0.077232264,1.4221602e-06,0.04789646,Low Risk
879,95.57801,4.4219894,0.0,20.0,0.020601256,0.020908277,0.09115014,0.044219892,Low Risk
880,59.540916,40.45908,10.0,46.0,0.18783827,0.16166365,0.8642705,0.40459082,Moderate Risk
881,87.84756,12.152445,8.0,44.0,0.15010159,0.21447174,0.0,0.121524446,Low Risk
884,74.05569,25.944317,20.0,35.0,0.32624164,0.22438362,0.2277042,0.25944316,Low Risk
886,76.38652,23.613476,22.0,71.0,0.42612332,0.282281,2.7890344e-12,0.23613477,Low Risk
887,56.790554,43.20945,24.0,72.0,0.46242103,0.80018914,0.03367331,0.43209448,Moderate Risk
888,94.51761,5.482395,4.0,56.00000000000001,0.057001654,0.09135144,0.016118756,0.05482395,Low Risk
889,87.81724,12.182763,30.0,57.00000000000001,0.16813445,0.19734845,1.3405187e-11,0.12182763,Low Risk
891,96.18976,3.810237,6.0,47.0,0.062455267,0.051844645,7.2053463e-06,0.03810237,Low Risk
892,92.76515,7.23485,3.4482758620689653,58.62068965517242,0.10211273,0.114932746,2.0809736e-26,0.0723485,Low Risk
894,44.991333,55.008667,20.0,50.0,0.3138007,0.4168301,0.9196292,0.5500867,Moderate Risk
895,58.01245,41.98755,6.666666666666667,68.33333333333333,0.17188875,0.6403819,0.44735575,0.41987547,Moderate Risk
896,78.29238,21.707617,20.0,80.0,0.3419666,0.18424179,0.12502009,0.21707617,Low Risk
899,93.23786,6.7621393,7.4074074074074066,31.481481481481477,0.10312509,0.079386465,0.020352628,0.067621395,Low Risk
900,88.32808,11.671925,28.888888888888886,64.44444444444444,0.22339423,0.12676352,3.1618067e-27,0.116719246,Low Risk
902,69.88163,30.11837,0.0,70.0,0.25128156,0.35164294,0.3006266,0.3011837,Moderate Risk
903,96.37211,3.6278908,0.0,31.000000000000007,0.04609862,0.0627381,0.0,0.036278907,Low Risk
904,75.7134,24.286596,0.0,90.0,0.26896912,0.35482037,0.1048084,0.24286596,Low Risk
905,97.70262,2.2973797,8.0,43.00000000000001,0.03831421,0.030607175,0.0,0.022973796,Low Risk
907,75.64906,24.350935,42.857142857142854,71.42857142857142,0.31361178,0.41691628,2.6090158e-11,0.24350935,Low Risk
908,77.90113,22.098867,18.181818181818183,45.45454545454545,0.29665643,0.31906492,0.047244683,0.22098868,Low Risk
909,85.84847,14.151527,12.5,40.0,0.021711903,0.0317479,0.37108603,0.14151527,Low Risk
910,89.13219,10.867807,5.555555555555555,30.555555555555557,0.16103052,0.09113856,0.07386514,0.10867807,Low Risk
912,89.922485,10.07752,10.0,95.0,0.19437192,0.10795369,4.4276013e-11,0.100775205,Low Risk
913,92.032585,7.967415,4.0,29.000000000000004,0.097248875,0.120972514,0.020801047,0.07967415,Low Risk
916,68.46776,31.532236,22.727272727272727,63.63636363636363,0.47306502,0.4534369,0.019465214,0.31532237,Moderate Risk
917,30.189514,69.810486,20.0,65.0,0.81047523,0.7682766,0.51556283,0.69810486,Moderate Risk
919,97.94188,2.0581157,2.0,16.000000000000004,0.04096993,0.020773545,1.2867543e-11,0.020581158,Low Risk
920,17.369778,82.630226,0.0,73.07692307692308,0.97137225,0.96746826,0.54006624,0.82630223,High Risk
921,16.74623,83.25377,46.666666666666664,103.33333333333334,0.985332,0.96805406,0.5442271,0.8325377,High Risk
923,78.84266,21.157343,0.0,36.36363636363637,0.27801558,0.28664815,0.07005653,0.21157344,Low Risk
924,80.391884,19.608116,0.0,40.0,0.0067960634,0.04377562,0.5376718,0.19608116,Low Risk
927,16.712278,83.28772,43.333333333333336,101.66666666666666,0.968181,0.9762955,0.55415523,0.8328772,High Risk
928,75.18375,24.816256,4.0,19.0,0.3172906,0.42717227,2.4788467e-05,0.24816255,Low Risk
929,94.777336,5.2226653,0.0,38.46153846153846,0.087190315,0.04326332,0.026226332,0.05222665,Low Risk
930,94.67554,5.3244677,4.0,41.0,0.07553322,0.07487194,0.00932886,0.053244676,Low Risk
932,91.93114,8.068858,22.22222222222222,44.44444444444444,0.110105604,0.13196005,8.975594e-08,0.08068858,Low Risk
934,93.40417,6.595832,0.0,21.42857142857143,0.066827014,0.032401122,0.09864683,0.06595832,Low Risk
936,73.41702,26.582977,10.0,80.0,0.38721332,0.3415688,0.06870723,0.26582977,Low Risk
940,78.315445,21.684553,12.0,48.00000000000001,0.2853063,0.36421657,0.0010137096,0.21684553,Low Risk
943,76.83828,23.16172,10.0,38.333333333333336,0.065048546,0.1736116,0.45619145,0.2316172,Low Risk
944,93.62611,6.373895,13.793103448275861,70.6896551724138,0.09930218,0.08976439,0.0021502778,0.06373895,Low Risk
946,72.04907,27.950932,22.0,50.0,0.3725028,0.46584752,0.00017761248,0.2795093,Low Risk
947,87.42847,12.571531,11.11111111111111,50.0,0.16944768,0.1914645,0.016233768,0.12571532,Low Risk
948,69.39805,30.601952,20.0,60.0,0.46551922,0.43132812,0.021211222,0.3060195,Moderate Risk
951,17.571808,82.42819,6.666666666666667,83.33333333333333,0.9506058,0.9785581,0.54368186,0.82428193,High Risk
952,74.66772,25.332281,34.0,78.0,0.3879874,0.37120423,0.00077679515,0.2533228,Low Risk
956,74.29856,25.701443,40.0,85.0,0.33586434,0.32619262,0.10898636,0.25701442,Low Risk
957,52.831078,47.168922,18.75,68.75,0.3118857,0.1521447,0.9510373,0.47168922,Moderate Risk
958,60.840107,39.159893,10.0,70.0,0.6077463,0.5659295,0.001121068,0.39159894,Moderate Risk
959,64.52278,35.477222,3.3333333333333335,53.333333333333336,0.18115737,0.33811834,0.54504097,0.35477224,Moderate Risk
962,61.467888,38.532112,50.0,95.0,0.44328654,0.48811308,0.22456378,0.38532114,Moderate Risk
964,86.20879,13.791209,10.0,56.00000000000001,0.18473543,0.22095293,0.008047929,0.1379121,Low Risk
965,90.83977,9.160233,4.0,46.0,0.197469,0.07024831,0.007089662,0.091602325,Low Risk
973,48.793102,51.206898,42.0,92.0,0.8535855,0.68262154,0.0,0.512069,Moderate Risk
974,88.6843,11.315698,20.0,50.0,0.08739561,0.09478011,0.15729518,0.113156974,Low Risk
975,57.534348,42.465652,4.0,46.0,0.13931692,0.13598704,0.99866563,0.42465654,Moderate Risk
977,50.716557,49.283443,54.54545454545454,90.90909090909092,0.42719024,0.7246798,0.32663324,0.49283442,Moderate Risk
979,81.734085,18.265917,10.714285714285714,39.28571428571428,0.20433266,0.34335554,0.0002893313,0.18265916,Low Risk
980,88.18802,11.811981,6.0,46.0,0.17563601,0.17872344,1.8202338e-22,0.11811981,Low Risk
981,66.21636,33.783634,30.0,60.0,0.43074512,0.4080189,0.17474508,0.33783635,Moderate Risk
983,32.871777,67.12822,16.0,67.0,0.71566194,0.82934016,0.4688445,0.67128223,Moderate Risk
985,95.932686,4.0673113,0.0,37.0,0.08106188,0.02787098,0.01308648,0.04067311,Low Risk
987,20.594294,79.40571,0.0,80.0,0.91232777,0.9334179,0.5364255,0.7940571,High Risk
991,86.76945,13.230547,40.0,95.0,0.24806665,0.1336245,0.015225255,0.13230547,Low Risk
996,58.016373,41.983624,50.0,79.16666666666666,0.68264896,0.5768598,1.1622478e-12,0.41983625,Moderate Risk
997,76.55276,23.447239,18.0,46.0,0.30307892,0.40033823,0.0,0.2344724,Low Risk
999,87.67844,12.321559,36.95652173913043,84.78260869565217,0.13609579,0.23355052,4.833044e-07,0.12321559,Low Risk
1000,19.215965,80.784035,33.33333333333333,100.0,0.9781915,0.980118,0.4652116,0.80784035,High Risk
1001,42.806892,57.193108,18.0,70.0,0.80179036,0.84017843,0.0738245,0.57193106,Moderate Risk
1002,16.299885,83.70011,23.333333333333332,81.66666666666667,0.9825585,0.98253304,0.5459119,0.83700114,High Risk
1006,87.59911,12.400891,8.0,47.0,0.17359085,0.19843587,6.04005e-15,0.12400892,Low Risk
1007,80.69495,19.305048,10.0,39.0,0.31025904,0.26885942,3.2990793e-05,0.19305049,Low Risk
1010,26.386625,73.61337,6.666666666666667,66.66666666666666,0.73331445,0.93250114,0.5425857,0.73613375,High Risk
1011,93.441864,6.558132,8.0,52.0,0.15021889,0.046013482,0.00051158306,0.06558132,Low Risk
1012,62.388504,37.611496,4.0,38.0,0.038910825,0.09601649,0.99341756,0.37611496,Moderate Risk
1015,82.50256,17.497438,36.36363636363637,68.18181818181819,0.27870265,0.15843013,0.08779035,0.17497438,Low Risk
1016,43.262337,56.737663,6.666666666666667,63.33333333333333,0.5369611,0.61966556,0.5455032,0.5673766,Moderate Risk
1017,67.39087,32.60913,32.0,95.0,0.51700723,0.45964518,0.001621563,0.32609132,Moderate Risk
1018,45.294235,54.705765,40.0,80.0,0.31501803,0.41674322,0.9094116,0.5470576,Moderate Risk
1020,92.02777,7.972231,8.0,42.00000000000001,0.14861242,0.09055449,1.7750587e-11,0.07972231,Low Risk
1022,81.90465,18.095348,50.0,100.0,0.29441765,0.24844281,6.823576e-11,0.18095349,Low Risk
1024,42.565937,57.434063,23.333333333333332,60.0,0.3653745,0.8135346,0.5441128,0.57434064,Moderate Risk
1027,61.81874,38.18126,34.0,65.0,0.5207963,0.6246415,9.5550144e-35,0.38181257,Moderate Risk
1029,90.60626,9.393739,8.0,40.0,0.014947845,0.027583238,0.23928109,0.09393739,Low Risk
1030,89.10825,10.891746,0.0,59.25925925925925,0.18492223,0.13883959,0.0029905403,0.10891745,Low Risk
1033,88.4531,11.546899,14.000000000000002,48.0,0.22318986,0.12217882,0.0010382948,0.11546899,Low Risk
1034,80.53337,19.46663,0.0,26.66666666666667,0.020438002,0.02759688,0.535964,0.19466631,Low Risk
1035,21.950268,78.04973,6.666666666666667,73.33333333333334,0.84552544,0.9542413,0.54172516,0.7804973,High Risk
1036,16.534536,83.46546,46.666666666666664,93.33333333333333,0.9733145,0.9800149,0.55063456,0.8346546,High Risk
1041,76.9129,23.087097,26.666666666666668,53.333333333333336,0.3738278,0.28113168,0.037653442,0.23087096,Low Risk
1042,75.70226,24.297739,10.0,43.0,0.28551123,0.3689633,0.07445771,0.2429774,Low Risk
1043,75.64928,24.350727,15.384615384615385,76.92307692307692,0.3136057,0.41691613,2.7625444e-10,0.24350727,Low Risk
1045,81.59511,18.404894,4.0,41.0,0.3374829,0.2145128,0.0001511121,0.18404894,Low Risk
1046,74.48491,25.515095,28.57142857142857,92.85714285714286,0.3414881,0.42396474,2.8780414e-11,0.25515094,Low Risk
1048,94.08172,5.918281,8.0,56.00000000000001,0.12524784,0.051375363,0.0009252359,0.05918281,Low Risk
1049,80.4559,19.544094,33.33333333333333,63.63636363636363,0.19545572,0.39086705,2.6577017e-17,0.19544093,Low Risk
1050,63.770844,36.229156,0.0,30.000000000000004,0.11892225,0.08668776,0.8812647,0.36229157,Moderate Risk
1051,82.362656,17.63735,16.0,44.0,0.1442244,0.384896,5.6033763e-08,0.1763735,Low Risk
1053,87.682,12.317997,8.0,48.0,0.16274457,0.20679425,1.0897826e-06,0.12317997,Low Risk
1057,72.43942,27.560574,0.0,36.36363636363637,0.426898,0.3814228,0.018496457,0.27560574,Low Risk
1058,92.150665,7.849333,5.263157894736842,63.1578947368421,0.16976291,0.06571707,0.0,0.07849333,Low Risk
1059,54.30553,45.69447,60.0,120.0,0.5532885,0.54001945,0.27752608,0.4569447,Moderate Risk
1060,96.985275,3.0147245,10.714285714285714,48.214285714285715,0.057845056,0.030381316,0.0022153638,0.030147245,Low Risk
1061,83.85017,16.149832,0.0,50.0,0.2554564,0.12734184,0.10169675,0.16149832,Low Risk
1065,95.16468,4.8353195,8.0,40.0,0.08780324,0.057252616,3.7323123e-06,0.048353195,Low Risk
1067,73.41822,26.581776,25.925925925925924,70.37037037037037,0.24691772,0.5490046,0.0015309404,0.26581776,Low Risk
1069,87.02327,12.976728,9.375,62.5,0.23555641,0.15255696,0.0011884747,0.12976728,Low Risk
1070,99.25697,0.743028,0.0,20.0,0.01308478,0.008869863,0.00033619395,0.0074302796,Low Risk
1072,45.885075,54.114925,40.0,85.00000000000001,0.81736666,0.7619414,0.044139735,0.54114926,Moderate Risk
1073,75.65042,24.349577,28.57142857142857,64.28571428571428,0.3137279,0.41675946,1.5739543e-10,0.24349578,Low Risk
1074,95.553314,4.4466844,8.0,41.0,0.091751516,0.04164902,0.0,0.044466842,Low Risk
1075,55.719055,44.28095,0.0,69.23076923076923,0.20525093,0.5877259,0.53545177,0.4428095,Moderate Risk
1076,80.5691,19.430899,20.0,50.0,0.29942554,0.28154242,0.001958942,0.19430898,Low Risk
1077,98.074776,1.925225,2.0,35.0,0.021577358,0.036179237,1.548965e-07,0.01925225,Low Risk
1080,81.01876,18.981243,0.0,53.84615384615385,0.008231873,0.016761592,0.54444385,0.18981244,Low Risk
1081,82.817085,17.182919,22.0,49.0,0.2071165,0.30837104,0.0,0.17182918,Low Risk
1083,72.41838,27.581623,14.000000000000002,61.0,0.3794559,0.4120925,0.0359003,0.27581623,Low Risk
1085,48.47869,51.52131,23.52941176470588,76.47058823529412,0.7175556,0.8280837,2.3468353e-33,0.5152131,Moderate Risk
1089,19.620895,80.379105,36.666666666666664,91.66666666666666,0.9661437,0.9765605,0.46866897,0.80379105,High Risk
1093,56.669224,43.33078,36.36363636363637,68.18181818181819,0.624579,0.6244588,0.050885625,0.4333078,Moderate Risk
1094,95.15894,4.841056,6.0,23.0,0.106147535,0.03766127,0.0014228711,0.04841056,Low Risk
1095,76.709656,23.29034,30.0,80.0,0.20723891,0.12665756,0.36481375,0.2329034,Low Risk
1096,75.21096,24.789042,35.0,100.0,0.3279392,0.41573203,4.0518864e-09,0.24789041,Low Risk
1100,79.265976,20.734024,16.666666666666664,37.5,0.31195703,0.31006366,1.9568608e-10,0.20734024,Low Risk
1101,93.96158,6.03842,6.0,55.00000000000001,0.10536194,0.075790666,0.0,0.060384203,Low Risk
1103,87.4717,12.528298,6.0,46.0,0.16597219,0.20987675,5.987738e-17,0.12528299,Low Risk
1104,97.279076,2.7209244,2.0,43.99999999999999,0.047962718,0.033647504,1.7517737e-05,0.027209245,Low Risk
1105,80.08454,19.915462,0.0,70.0,0.07716614,0.5202977,0.0,0.19915462,Low Risk
1107,97.92471,2.0752852,10.0,37.0,0.038942892,0.023298709,1.6953398e-05,0.02075285,Low Risk
1110,25.637096,74.36291,0.0,80.0,0.8439954,0.84610987,0.5407819,0.74362904,High Risk
1111,78.343185,21.656816,42.857142857142854,100.0,0.30712965,0.34257483,1.5763578e-10,0.21656816,Low Risk
1113,91.51391,8.48609,4.0,40.0,0.14992508,0.1046241,3.3536773e-05,0.0848609,Low Risk
1114,98.47204,1.5279661,2.0,55.00000000000001,0.032071583,0.013658385,0.000109017536,0.015279662,Low Risk
1115,80.55836,19.441639,0.0,6.25,0.24819416,0.27780023,0.057254713,0.19441639,Low Risk
1116,54.108204,45.891796,34.0,75.0,0.67393875,0.7028152,4.1033773e-14,0.45891798,Moderate Risk
1119,30.843401,69.1566,10.0,82.0,0.6613477,0.83297443,0.58037597,0.691566,Moderate Risk
1121,85.05712,14.94288,11.11111111111111,63.888888888888886,0.16225721,0.25974575,0.026283408,0.1494288,Low Risk
1122,97.014,2.9859996,6.0,27.0,0.042422414,0.046911612,0.00024596162,0.029859995,Low Risk
1123,58.667885,41.332115,24.0,80.0,0.48846743,0.7447973,0.006698763,0.41332114,Moderate Risk
1124,70.731224,29.268774,4.081632653061225,38.775510204081634,0.02794392,0.017650763,0.83246857,0.29268774,Low Risk
1125,90.09022,9.909782,10.0,45.0,0.18440577,0.112887695,0.0,0.099097826,Low Risk
1127,86.71472,13.285281,8.0,44.0,0.16033502,0.22014926,0.018074123,0.13285281,Low Risk
1130,88.544685,11.455317,8.0,59.00000000000001,0.20483361,0.13882588,0.0,0.11455316,Low Risk
1131,92.68077,7.319229,10.0,44.00000000000001,0.10780642,0.11174332,2.7114726e-05,0.07319229,Low Risk
1134,77.03715,22.962849,0.0,63.63636363636363,0.3140917,0.37479374,4.2169088e-11,0.22962849,Low Risk
1135,61.33021,38.66979,28.57142857142857,73.21428571428572,0.50914836,0.6068757,0.044069678,0.3866979,Moderate Risk
1137,77.002594,22.99741,10.0,49.0,0.13770194,0.09038393,0.4618365,0.2299741,Low Risk
1138,66.28531,33.714684,0.0,66.66666666666667,0.07682577,0.4948219,0.4397928,0.33714685,Moderate Risk
1139,94.39612,5.603883,10.0,41.0,0.07338972,0.09472677,1.3919316e-11,0.056038827,Low Risk
1140,51.766956,48.233044,9.090909090909092,75.75757575757575,0.6057746,0.8412166,6.881381e-08,0.48233044,Moderate Risk
1141,85.69527,14.304735,0.0,54.54545454545454,0.26182353,0.16731824,2.7817651e-07,0.14304735,Low Risk
1142,83.31641,16.683596,9.090909090909092,45.45454545454546,0.23975764,0.2607502,1.8544074e-11,0.16683595,Low Risk
1143,98.501495,1.4985108,0.0,26.0,0.033760663,0.011184432,1.0230718e-05,0.014985108,Low Risk
1144,93.32208,6.677912,4.0,47.0,0.12029792,0.07715936,0.0028800864,0.06677912,Low Risk
1145,88.18684,11.813162,12.0,62.0,0.1564117,0.19798315,1.8001736e-11,0.118131615,Low Risk
1146,93.354965,6.645035,14.000000000000002,67.0,0.028781667,0.13303165,0.03753774,0.06645035,Low Risk
1147,91.8124,8.187595,0.0,70.58823529411764,0.1779624,0.052893117,0.014772349,0.08187596,Low Risk
1151,84.01815,15.9818535,18.181818181818183,72.72727272727273,0.27026862,0.17224112,0.03694585,0.15981853,Low Risk
1153,55.471848,44.52815,44.0,103.0,0.55328727,0.78255713,4.940239e-08,0.44528148,Moderate Risk
1154,65.137825,34.862175,10.0,46.666666666666664,0.19478884,0.3925911,0.4584853,0.34862176,Moderate Risk
1157,76.63173,23.368267,18.0,70.0,0.38218814,0.3041635,0.01469634,0.23368268,Low Risk
1158,17.448074,82.551926,57.89473684210527,78.94736842105263,0.9662819,0.96943164,0.5408443,0.82551926,High Risk
1160,96.745995,3.254005,10.0,34.0,0.03959148,0.05800399,2.4685094e-05,0.03254005,Low Risk
1161,63.71888,36.281124,24.0,57.99999999999999,0.45087656,0.621824,0.015733121,0.36281124,Moderate Risk
1162,69.25765,30.74235,18.181818181818183,63.63636363636363,0.49560827,0.42666227,7.298182e-11,0.3074235,Moderate Risk
1163,75.6599,24.340103,14.285714285714285,92.85714285714286,0.31360564,0.41659746,1.7527952e-09,0.24340104,Low Risk
1164,96.41168,3.5883193,0.0,44.73684210526315,0.008213011,0.013415752,0.08602081,0.035883192,Low Risk
1170,71.516975,28.483025,0.0,85.00000000000001,0.3716751,0.33710867,0.14570695,0.28483024,Low Risk
1173,84.66221,15.337788,0.0,60.0,0.25930727,0.1787857,0.0220407,0.15337788,Low Risk
1175,94.32227,5.6777234,6.8181818181818175,35.22727272727273,0.1339505,0.036381204,5.0092204e-34,0.056777235,Low Risk
1176,93.23696,6.76304,0.0,37.93103448275862,0.12798695,0.059568413,0.015335827,0.0676304,Low Risk
1178,87.09898,12.901014,16.0,50.0,0.16908199,0.21794842,1.4114677e-17,0.12901014,Low Risk
1180,21.382183,78.61782,30.0,78.33333333333333,0.9335658,0.9662466,0.45872205,0.7861782,High Risk
1183,84.90363,15.096367,7.142857142857142,53.57142857142857,0.19532067,0.108252116,0.14931823,0.15096366,Low Risk
1184,94.16504,5.8349586,36.0,86.0,0.11465995,0.0603888,1.2722231e-09,0.058349583,Low Risk
1186,78.27803,21.721972,0.0,72.72727272727273,0.31061304,0.2431687,0.0978774,0.21721971,Low Risk
1189,87.481445,12.518554,11.76470588235294,50.0,0.19632524,0.17923133,0.0,0.12518553,Low Risk
1190,16.634201,83.3658,30.0,105.0,0.97710526,0.9820016,0.54186696,0.833658,High Risk
1191,63.149773,36.850227,3.3333333333333335,50.0,0.15468371,0.40742326,0.5433998,0.36850226,Moderate Risk
1194,96.09629,3.9037127,4.0,37.0,0.040468883,0.02282971,0.053812787,0.039037127,Low Risk
1197,36.480682,63.519318,37.5,78.75,0.95190233,0.87611765,0.07755956,0.63519317,Moderate Risk
1198,76.37543,23.62457,18.0,68.0,0.31827983,0.3877575,0.0026998008,0.2362457,Low Risk
1201,83.46026,16.539742,0.0,6.666666666666665,0.023987526,0.024023823,0.44818088,0.1653974,Low Risk
1205,65.906784,34.09321,36.0,72.0,0.35970813,0.6200297,0.043058436,0.3409321,Moderate Risk
1207,93.26018,6.739823,8.0,45.0,0.10984879,0.07536408,0.016981792,0.06739823,Low Risk
1210,68.47674,31.52326,28.000000000000004,64.99999999999999,0.31438887,0.6313089,0.0,0.3152326,Moderate Risk
1212,79.8301,20.1699,43.333333333333336,83.33333333333333,0.28117424,0.32392275,1.5193085e-29,0.201699,Low Risk
1214,86.65359,13.346417,13.793103448275861,60.3448275862069,0.22521953,0.16798292,0.0071900706,0.13346417,Low Risk
1216,75.51016,24.489838,25.0,58.33333333333333,0.33442634,0.4002688,5.98343e-11,0.24489838,Low Risk
1220,85.777794,14.222201,5.263157894736842,36.8421052631579,0.26852435,0.14521378,0.012927931,0.14222202,Low Risk
1221,89.74761,10.252385,2.0,37.0,0.18698329,0.120588265,0.0,0.102523856,Low Risk
1222,89.394,10.606004,8.0,44.0,0.10050211,0.1786836,0.03899441,0.106060036,Low Risk
1225,90.090614,9.909388,4.0,59.00000000000001,0.11278468,0.18449695,2.4474546e-18,0.09909388,Low Risk
1226,94.374275,5.625725,0.0,31.999999999999996,0.09467375,0.07408306,1.4926235e-05,0.056257248,Low Risk
1227,99.030624,0.969375,0.0,20.0,0.014374287,0.011877032,0.0028299312,0.00969375,Low Risk
1228,72.17965,27.820345,20.0,40.0,0.05384078,0.23890738,0.54186225,0.27820346,Low Risk
1235,94.15359,5.84641,8.0,36.0,0.0836448,0.09174735,1.4382285e-07,0.0584641,Low Risk
1236,72.38469,27.615309,30.76923076923077,88.46153846153845,0.3496807,0.40267247,0.07610607,0.2761531,Low Risk
1238,66.67393,33.326073,36.84210526315789,65.78947368421053,0.4670725,0.5049543,0.027755352,0.33326072,Moderate Risk
1239,76.29235,23.707651,6.666666666666667,70.0,0.29403847,0.41719103,2.3803255e-11,0.2370765,Low Risk
1240,95.39059,4.609412,12.0,45.0,0.042627513,0.09565485,4.7275687e-27,0.04609412,Low Risk
1241,83.72487,16.275133,9.090909090909092,61.36363636363635,0.13492881,0.2520269,0.10129834,0.16275133,Low Risk
1244,58.779503,41.2205,40.0,65.0,0.5460908,0.5780523,0.112471916,0.412205,Moderate Risk
1245,86.680016,13.319985,8.0,36.0,0.18745667,0.21214291,0.0,0.13319986,Low Risk
1247,79.44141,20.558596,15.789473684210526,60.526315789473685,0.35156944,0.19319078,0.071997635,0.20558596,Low Risk
1248,92.42308,7.5769176,2.0,48.0,0.11408278,0.11171841,0.0015063438,0.07576918,Low Risk
1250,55.714,44.286,10.0,70.0,0.3283046,0.40625054,0.59402484,0.44285998,Moderate Risk
1251,70.74504,29.254965,11.363636363636363,52.27272727272727,0.28588906,0.5917399,2.003818e-05,0.29254964,Low Risk
1253,98.78926,1.2107368,10.0,40.0,0.023973117,0.012327395,2.1590646e-05,0.012107368,Low Risk
1255,28.600496,71.399506,40.0,80.0,0.74049044,0.9169361,0.48455855,0.71399504,High Risk
1259,62.409855,37.59015,50.0,95.0,0.4038062,0.6669178,0.05698054,0.3759015,Moderate Risk
1260,84.99975,15.000256,4.0,37.0,0.33436453,0.11564309,1.8664824e-08,0.15000255,Low Risk
1262,93.63435,6.3656425,6.0,54.0,0.106012106,0.08495717,1.3610715e-17,0.06365643,Low Risk
1267,86.14966,13.850342,12.0,40.0,0.1429351,0.21385337,0.0587218,0.13850342,Low Risk
1269,99.47095,0.5290512,2.0,20.999999999999996,0.008019221,0.007832435,1.987974e-05,0.005290512,Low Risk
1271,92.91717,7.0828342,4.545454545454546,63.63636363636363,0.13276476,0.07936643,0.0003538258,0.07082834,Low Risk
1272,81.57502,18.42498,0.0,63.63636363636363,0.28461108,0.18541005,0.08272825,0.1842498,Low Risk
1278,85.210724,14.789279,34.0,78.0,0.09989463,0.3437781,5.6759955e-06,0.14789279,Low Risk
1283,84.26954,15.730468,2.0,44.0,0.34491622,0.1269978,0.0,0.15730467,Low Risk
1285,88.57054,11.429459,4.0,36.0,0.20227744,0.14060633,1.21134835e-08,0.11429459,Low Risk
1288,91.55988,8.440122,14.000000000000002,55.00000000000001,0.13991334,0.11329028,3.421935e-10,0.08440121,Low Risk
1289,96.24061,3.7593927,0.0,30.000000000000004,0.07172725,0.041054532,7.6441715e-37,0.037593927,Low Risk
1290,67.13103,32.868973,18.0,65.0,0.3802879,0.60467166,0.0011095935,0.32868972,Moderate Risk
1293,51.57206,48.427937,28.000000000000004,76.0,0.8399477,0.6095638,0.0033265613,0.48427936,Moderate Risk
1295,98.40352,1.5964806,2.0,23.0,0.016852403,0.03100237,3.9643615e-05,0.015964806,Low Risk
1296,77.120384,22.879618,10.0,59.0,0.21383789,0.42230874,0.050241835,0.22879617,Low Risk
1297,74.95348,25.046518,30.0,60.00000000000001,0.20478766,0.49706617,0.049541727,0.25046518,Low Risk
1298,29.014284,70.98572,20.0,55.00000000000001,0.43274555,0.7066703,0.9901557,0.70985717,High Risk
1300,91.541115,8.458889,6.0,41.0,0.14287525,0.09436984,0.016521575,0.08458889,Low Risk
1301,29.217403,70.78259,23.333333333333332,71.66666666666667,0.79602945,0.8765055,0.45094296,0.70782596,High Risk
1305,94.633835,5.3661656,0.0,45.45454545454546,0.023989936,0.028010963,0.10898406,0.053661656,Low Risk
1307,69.493355,30.506643,40.0,80.0,0.5458672,0.35625464,0.013077516,0.30506644,Moderate Risk
1311,90.108574,9.891424,8.0,55.00000000000001,0.1814475,0.11529522,4.0112646e-23,0.09891424,Low Risk
1314,88.60003,11.399973,0.0,15.0,0.22300619,0.11899301,4.1830738e-21,0.11399973,Low Risk
1316,84.70884,15.291162,10.0,58.00000000000001,0.18103725,0.15256025,0.12513737,0.15291162,Low Risk
1318,57.553436,42.446568,16.666666666666664,43.333333333333336,0.26031527,0.55509007,0.45799175,0.4244657,Moderate Risk
1319,64.38613,35.613873,0.0,50.0,0.43198338,0.40904695,0.2273859,0.35613874,Moderate Risk
1320,42.25592,57.74408,22.5,63.74999999999999,0.8678079,0.782083,0.08243146,0.5774408,Moderate Risk
1322,84.49918,15.500813,20.833333333333336,47.916666666666664,0.24871214,0.2163122,1.9676385e-15,0.15500812,Low Risk
1325,50.206196,49.793808,0.0,61.53846153846154,0.42983705,0.5223811,0.5415961,0.49793807,Moderate Risk
1328,94.19436,5.8056426,12.0,34.0,0.106157936,0.06789359,0.00011775189,0.058056425,Low Risk
1329,88.96494,11.035054,14.000000000000002,69.0,0.14522661,0.15553963,0.030285386,0.11035054,Low Risk
1330,83.571365,16.428633,20.0,60.0,0.2377936,0.19158901,0.06347637,0.16428633,Low Risk
1332,96.65885,3.3411503,10.0,50.0,0.07084635,0.029388161,0.0,0.033411503,Low Risk
1333,78.764,21.235994,18.0,46.0,0.27851406,0.3585658,6.09649e-10,0.21235995,Low Risk
1334,89.71733,10.282674,2.0,46.0,0.12341332,0.16881515,0.016251748,0.10282674,Low Risk
1335,81.0701,18.929901,20.0,50.0,0.29395944,0.237926,0.03601159,0.189299,Low Risk
1336,75.56789,24.43211,27.27272727272727,72.72727272727273,0.31635007,0.41661328,2.953497e-09,0.24432111,Low Risk
1340,85.81013,14.189878,8.0,44.0,0.21027257,0.20212397,0.013299793,0.14189878,Low Risk
1344,97.04323,2.9567723,2.0408163265306123,44.89795918367348,0.06111839,0.02757692,7.861361e-06,0.029567724,Low Risk
1346,87.42965,12.570352,16.0,53.0,0.16644186,0.20048013,0.010188544,0.12570351,Low Risk
1348,83.792366,16.207632,40.0,74.0,0.24259353,0.2435083,0.00012717843,0.16207632,Low Risk
1349,94.85995,5.1400523,8.333333333333332,43.75,0.0855881,0.06861347,0.0,0.051400524,Low Risk
1350,84.10424,15.89576,30.0,65.99999999999999,0.2401146,0.2367582,8.2026286e-10,0.1589576,Low Risk
1351,17.666363,82.33363,53.333333333333336,100.0,0.98523766,0.9374728,0.54729867,0.82333636,High Risk
1354,71.8845,28.115496,14.000000000000002,52.0,0.33976603,0.5036987,1.5138569e-07,0.28115496,Low Risk
1355,68.783356,31.216642,36.36363636363637,81.81818181818181,0.48850927,0.4011835,0.046806436,0.31216642,Moderate Risk
1356,89.48189,10.518107,9.090909090909092,50.0,0.114104435,0.052606717,0.1488321,0.105181076,Low Risk
1361,92.846565,7.1534314,0.0,24.999999999999996,0.05720399,0.025036953,0.13236201,0.07153431,Low Risk
1366,85.853516,14.146484,8.0,62.000000000000014,0.113852225,0.19318385,0.11735846,0.14146484,Low Risk
1369,95.72513,4.2748747,0.0,18.51851851851852,0.07467142,0.053563688,1.114958e-05,0.04274875,Low Risk
1370,83.551865,16.448133,2.2222222222222223,33.33333333333333,0.034852028,0.022908825,0.43568316,0.16448134,Low Risk
1371,96.63178,3.3682153,14.000000000000002,40.0,0.040454127,0.06059233,0.0,0.033682153,Low Risk
1372,80.090805,19.909199,30.0,65.0,0.27246478,0.18578577,0.1390254,0.19909199,Low Risk
1373,93.91207,6.0879307,10.0,49.0,0.07472722,0.107910715,2.2829948e-13,0.06087931,Low Risk
1375,88.793655,11.206345,3.0303030303030303,40.90909090909091,0.16672559,0.15446319,0.015001566,0.112063445,Low Risk
1376,36.483353,63.516647,22.5,64.99999999999999,0.8200582,0.91749114,0.16795015,0.63516647,Moderate Risk
1377,74.293755,25.706247,0.0,41.17647058823529,0.37075186,0.35769707,0.042738494,0.25706246,Low Risk
1378,97.79771,2.2022958,4.0,37.0,0.041333646,0.02347863,0.0012565972,0.022022957,Low Risk
1379,91.69506,8.304939,10.0,32.0,0.06793305,0.1811646,5.05233e-05,0.083049394,Low Risk
1380,69.21991,30.780087,25.0,59.375,0.44441232,0.47899023,0.0,0.30780086,Moderate Risk
1381,83.310936,16.689062,0.0,54.54545454545454,0.24973303,0.14872442,0.10221438,0.16689062,Low Risk
1382,92.07483,7.925173,8.0,48.00000000000001,0.014686878,0.014507546,0.20856076,0.07925173,Low Risk
1383,85.91376,14.086245,5.88235294117647,41.17647058823529,0.171835,0.20790078,0.04285157,0.14086245,Low Risk
1384,75.72918,24.270819,14.285714285714285,78.57142857142857,0.3137044,0.41442016,6.7963315e-09,0.24270819,Low Risk
1386,95.239716,4.760282,6.0,36.0,0.10258837,0.040217612,2.488489e-06,0.04760282,Low Risk
1387,75.41053,24.589474,0.0,90.0,0.22721502,0.16513605,0.34533313,0.24589474,Low Risk
1389,84.5459,15.454103,10.0,62.5,0.064821474,0.39880162,0.0,0.15454103,Low Risk
1391,66.607834,33.392166,14.000000000000002,40.0,0.15265445,0.22489306,0.6242175,0.33392167,Moderate Risk
1393,98.48831,1.5116876,6.0,37.0,0.021440983,0.019702436,0.004207213,0.015116877,Low Risk
1394,82.75087,17.24913,16.0,50.0,0.3714509,0.12220811,0.023814851,0.1724913,Low Risk
1395,86.15076,13.849243,0.0,57.14285714285714,0.2226366,0.15549554,0.037345167,0.13849244,Low Risk
1400,83.63277,16.367235,6.25,50.0,0.29597196,0.19504511,0.0,0.16367236,Low Risk
1402,81.400375,18.599623,21.428571428571427,45.23809523809524,0.25445962,0.30352905,0.0,0.18599622,Low Risk
1405,20.260365,79.73964,40.0,63.33333333333333,0.961594,0.9675049,0.4630903,0.79739636,High Risk
1406,17.980654,82.01935,24.0,76.0,0.6771202,0.7834601,1.0,0.82019347,High Risk
1407,95.69047,4.309533,6.0,68.0,0.049973793,0.07930722,4.9815167e-06,0.04309533,Low Risk
1409,78.69016,21.309841,5.263157894736842,53.94736842105263,0.11695363,0.045693707,0.47664788,0.2130984,Low Risk
1410,88.24698,11.753025,0.0,35.0,0.21945524,0.13313551,0.0,0.11753025,Low Risk
1411,89.91976,10.080237,20.0,60.0,0.11133611,0.19106911,1.8738592e-06,0.10080237,Low Risk
1412,99.08324,0.91676915,0.0,20.0,0.019073712,0.008428569,7.954065e-07,0.009167692,Low Risk
1417,89.42904,10.57096,4.0,60.00000000000001,0.13757381,0.179555,2.655246e-27,0.105709605,Low Risk
1419,84.03736,15.962635,25.925925925925924,75.92592592592592,0.24229947,0.23657957,0.0,0.15962635,Low Risk
1420,72.582054,27.41795,20.0,62.5,0.45866644,0.36295477,0.00091731874,0.2741795,Low Risk
1421,85.289856,14.710145,20.0,49.0,0.14454783,0.2967565,0.0,0.14710145,Low Risk
1423,85.63466,14.365336,5.88235294117647,52.94117647058824,0.22907194,0.1754445,0.026443623,0.14365336,Low Risk
1424,99.0114,0.98860013,16.0,54.0,0.017142007,0.012466115,4.9880655e-05,0.009886001,Low Risk
1425,37.60047,62.39953,18.0,46.0,0.6293192,0.5210233,0.7216434,0.6239953,Moderate Risk
1427,91.964325,8.035677,4.545454545454546,50.0,0.14294264,0.09673968,0.0013879813,0.08035677,Low Risk
1428,85.7525,14.247494,0.0,42.85714285714286,0.2451941,0.18223067,3.1348507e-12,0.14247493,Low Risk
1431,19.703983,80.29601,16.666666666666664,68.33333333333333,0.92567366,0.9362158,0.546991,0.80296016,High Risk
1438,80.82702,19.172977,0.0,63.41463414634146,0.06574465,0.4876112,0.021833494,0.19172978,Low Risk
1440,94.766396,5.2336035,16.3265306122449,46.93877551020408,0.082802825,0.07420527,1.0242824e-08,0.052336037,Low Risk
1441,46.720432,53.279568,40.0,87.99999999999999,0.8491205,0.74926645,8.2100476e-10,0.53279567,Moderate Risk
1443,98.704956,1.2950406,12.0,20.999999999999996,0.021092333,0.009516969,0.008241919,0.012950406,Low Risk
1444,16.676044,83.32396,53.333333333333336,81.66666666666667,0.9737439,0.97500265,0.550972,0.83323956,High Risk
1445,83.16316,16.836836,14.285714285714285,57.14285714285714,0.19341321,0.28772664,0.02396526,0.16836835,Low Risk
1446,41.121204,58.878796,24.0,67.0,0.7532443,0.78246176,0.23065798,0.588788,Moderate Risk
1448,44.84023,55.15977,18.75,65.625,0.3719809,0.8882897,0.39452255,0.5515977,Moderate Risk
1452,88.75411,11.24589,4.0,31.000000000000007,0.14053346,0.19656594,0.0002772773,0.11245889,Low Risk
1453,24.146015,75.85399,6.666666666666667,70.0,0.79888743,0.93124485,0.54548705,0.75853986,High Risk
1454,19.931,80.069,6.666666666666667,64.99999999999999,0.9162463,0.9417895,0.5440341,0.80069,High Risk
1455,92.06265,7.9373455,8.0,38.0,0.085250214,0.15286651,3.6320002e-06,0.07937346,Low Risk
1456,98.534134,1.4658645,0.0,63.63636363636363,0.028496727,0.012617534,0.0028616742,0.014658646,Low Risk
1457,20.583374,79.416626,13.333333333333334,70.0,0.8861575,0.9518911,0.54445004,0.79416627,High Risk
1460,70.0207,29.979301,30.0,60.0,0.4366841,0.42141446,0.04128045,0.299793,Low Risk
1461,59.873356,40.126644,20.0,53.0,0.5410962,0.66270316,5.1703876e-16,0.40126646,Moderate Risk
1462,43.38624,56.61376,27.27272727272727,63.63636363636363,0.76142246,0.793976,0.14301445,0.5661376,Moderate Risk
1463,80.13991,19.860088,18.51851851851852,62.96296296296296,0.3031305,0.29267213,6.4337047e-09,0.19860089,Low Risk
1465,78.66931,21.33069,40.0,85.0,0.2765102,0.3634105,2.9177506e-36,0.2133069,Low Risk
1469,93.180725,6.8192763,4.0,29.000000000000004,0.01837331,0.020191522,0.16601346,0.068192765,Low Risk
1471,18.983871,81.01613,6.666666666666667,70.0,0.9136277,0.9712674,0.5455887,0.8101613,High Risk
1473,90.29364,9.706359,6.0,37.0,0.17893831,0.11225247,0.0,0.09706359,Low Risk
1474,20.160288,79.839714,26.666666666666668,86.66666666666667,0.9794656,0.96180207,0.45392373,0.7983971,High Risk
1475,20.138376,79.861626,30.0,90.0,0.9606532,0.9699201,0.46527562,0.79861623,High Risk
1476,67.530045,32.469948,18.0,46.0,0.2695632,0.6949497,0.009585584,0.3246995,Moderate Risk
1480,98.07145,1.9285487,8.0,38.0,0.035394713,0.02246175,1.2562944e-19,0.019285487,Low Risk
1481,89.87746,10.122542,0.0,30.000000000000004,0.15838183,0.115528345,0.029766118,0.10122543,Low Risk
1483,91.34013,8.659866,10.0,46.0,0.09313984,0.16665615,0.0,0.086598665,Low Risk
1484,90.18933,9.810668,18.51851851851852,55.55555555555556,0.13719603,0.15660572,0.0005182996,0.09810668,Low Risk
1487,62.105583,37.894413,58.333333333333336,104.16666666666666,0.63109857,0.5057338,1.3207828e-12,0.37894413,Moderate Risk
1488,67.20481,32.79519,6.666666666666667,36.66666666666667,0.106244236,0.33588418,0.5417273,0.3279519,Moderate Risk
1489,67.28281,32.71719,4.0,48.00000000000001,0.11218962,0.19824122,0.6710848,0.3271719,Moderate Risk
1490,68.94889,31.051107,8.0,70.0,0.3320616,0.5994716,3.099325e-10,0.31051108,Moderate Risk
1491,90.17526,9.824733,9.090909090909092,45.45454545454545,0.10526513,0.083228976,0.10624787,0.09824733,Low Risk
1492,92.368324,7.6316752,27.27272727272727,63.63636363636363,0.122158736,0.106791526,1.8959717e-13,0.07631675,Low Risk
1496,63.932537,36.067467,6.666666666666667,51.66666666666666,0.18594815,0.41647145,0.47960433,0.36067465,Moderate Risk
1497,51.387024,48.612976,0.0,69.23076923076923,0.20330301,0.71647364,0.53861254,0.48612976,Moderate Risk
1498,93.29095,6.7090535,6.8181818181818175,27.27272727272727,0.10160442,0.09966717,0.0,0.06709053,Low Risk
1499,96.66052,3.3394728,0.0,47.36842105263158,0.06451566,0.02897079,0.0066977404,0.033394728,Low Risk
1501,64.98262,35.017384,3.225806451612903,64.51612903225806,0.3035805,0.3415459,0.40539512,0.35017383,Moderate Risk
1504,95.99079,4.009212,0.0,16.000000000000004,0.062195744,0.056911353,0.0011692641,0.04009212,Low Risk
1506,86.496414,13.503584,0.0,75.0,0.20180388,0.13129686,0.072006784,0.13503584,Low Risk
1509,92.86857,7.1314335,15.384615384615385,53.84615384615385,0.17585406,0.038088944,1.983608e-15,0.071314335,Low Risk
1510,88.58745,11.412553,2.0,44.0,0.12283244,0.21027985,0.009264275,0.11412553,Low Risk
1511,73.61584,26.38416,9.75609756097561,47.5609756097561,0.027410587,0.03684211,0.7272721,0.2638416,Low Risk
1512,92.30653,7.693465,2.127659574468085,30.851063829787233,0.14647543,0.08432852,0.0,0.07693465,Low Risk
1514,98.932655,1.0673453,0.0,50.0,0.021141285,0.010783358,9.5712545e-05,0.010673452,Low Risk
1517,91.11444,8.88556,26.0,58.00000000000001,0.18063982,0.08592698,4.5075428e-12,0.0888556,Low Risk
1521,25.171072,74.828926,16.666666666666664,66.66666666666666,0.86618775,0.924164,0.4545161,0.7482893,High Risk
1522,20.6564,79.3436,0.0,76.66666666666666,0.9287565,0.91281635,0.53873515,0.793436,High Risk
1525,75.22417,24.775831,14.285714285714285,61.904761904761905,0.32122934,0.42204556,0.0,0.24775831,Low Risk
1526,94.32335,5.676652,10.0,33.0,0.07411406,0.09618538,1.2341937e-07,0.05676652,Low Risk
1528,87.68202,12.317977,15.789473684210526,57.89473684210527,0.052551717,0.14200032,0.1749873,0.12317977,Low Risk
1529,77.68529,22.314716,0.0,50.0,0.23673613,0.43270537,0.0,0.22314717,Low Risk
1530,71.05701,28.942987,6.666666666666667,28.333333333333332,0.08558952,0.25660208,0.52609795,0.28942987,Low Risk
1531,70.72686,29.273144,6.0,64.99999999999999,0.46109617,0.39924502,0.017853068,0.29273143,Low Risk
1532,80.749,19.251,22.22222222222222,44.44444444444444,0.20257115,0.11391521,0.2610436,0.19251,Low Risk
1535,79.441826,20.558174,36.0,70.0,0.20109841,0.41564685,0.0,0.20558174,Low Risk
1538,99.34059,0.65940654,4.0,49.0,0.010162355,0.009347642,0.00027219902,0.0065940656,Low Risk
1540,73.91133,26.088663,8.0,59.00000000000001,0.3327799,0.44987994,6.302095e-21,0.26088664,Low Risk
1542,85.53817,14.461824,10.526315789473683,52.63157894736843,0.17550513,0.15310757,0.10524205,0.14461824,Low Risk
1543,18.971603,81.0284,30.0,86.66666666666667,0.9896625,0.98451734,0.45667204,0.81028396,High Risk
1544,68.19501,31.804995,6.0,51.0,0.08148265,0.22502069,0.6476465,0.31804994,Moderate Risk
1547,66.61166,33.388344,18.421052631578945,56.57894736842105,0.14543965,0.15535624,0.70085436,0.33388343,Moderate Risk
1549,72.42303,27.576971,0.0,47.05882352941176,0.34374017,0.45352072,0.030048229,0.2757697,Low Risk
1550,17.30929,82.69071,23.076923076923077,84.61538461538461,0.9680365,0.97284675,0.539838,0.8269071,High Risk
1551,89.21949,10.780514,0.0,57.14285714285714,0.18566476,0.107819475,0.02993118,0.10780514,Low Risk
1552,87.99616,12.003839,28.000000000000004,78.0,0.14092173,0.21919341,1.66436e-24,0.12003838,Low Risk
1553,91.98882,8.011175,20.0,54.0,0.13715647,0.10317878,0.0,0.08011175,Low Risk
1556,90.0527,9.947306,0.0,71.42857142857143,0.1939063,0.104512885,1.1285974e-11,0.09947306,Low Risk
1558,50.552334,49.447666,8.823529411764707,69.11764705882352,0.5123328,0.8448268,0.1262703,0.49447665,Moderate Risk
1559,92.77841,7.2215834,6.451612903225806,50.0,0.09500048,0.11769711,0.003949892,0.07221583,Low Risk
1563,85.78751,14.212483,8.0,65.99999999999999,0.22473392,0.20164056,8.3846845e-13,0.14212483,Low Risk
1564,97.09155,2.9084458,2.0,31.999999999999996,0.06922313,0.017198376,0.00083187455,0.029084459,Low Risk
1566,94.13563,5.8643713,8.0,41.0,0.05090552,0.092197545,0.032828078,0.058643714,Low Risk
1568,98.6337,1.3662972,2.0,19.000000000000004,0.022481943,0.018072484,0.00043449216,0.0136629725,Low Risk
1569,75.129845,24.870157,23.52941176470588,58.82352941176471,0.32847047,0.34172863,0.07590561,0.24870157,Low Risk
1576,84.80243,15.197571,10.0,56.00000000000001,0.22001235,0.2295124,0.006402368,0.1519757,Low Risk
1577,91.94183,8.058168,5.263157894736842,44.73684210526315,0.17938831,0.062356725,0.0,0.08058168,Low Risk
1578,89.40259,10.597411,2.0,41.0,0.18918376,0.12873858,9.029479e-19,0.105974115,Low Risk
1579,93.38376,6.61624,4.0,15.0,0.09944897,0.09903821,0.0,0.0661624,Low Risk
1580,19.630432,80.36957,26.666666666666668,83.33333333333333,0.97472495,0.97867656,0.45768553,0.8036957,High Risk
1582,78.44281,21.557188,28.57142857142857,64.28571428571428,0.2947726,0.35194305,7.2868633e-10,0.21557188,Low Risk
1583,66.156876,33.84313,22.0,47.0,0.44771844,0.55971074,0.00786474,0.33843127,Moderate Risk
1586,52.732895,47.267105,0.0,66.66666666666667,0.32287833,0.55863976,0.5364951,0.47267106,Moderate Risk
1588,97.82356,2.1764383,0.0,58.00000000000001,0.020662207,0.021639552,0.022991393,0.021764383,Low Risk
1590,92.50285,7.497148,4.0,43.00000000000001,0.10997892,0.11471574,0.00021977581,0.07497148,Low Risk
1591,96.547516,3.4524837,0.0,78.94736842105263,0.05601744,0.019683078,0.027873985,0.034524836,Low Risk
1592,95.95819,4.041806,8.0,24.999999999999996,0.07747198,0.04378221,0.0,0.040418062,Low Risk
1594,93.67456,6.3254395,8.0,34.0,0.12222669,0.0675365,4.1235906e-13,0.06325439,Low Risk
1595,69.80673,30.193266,4.761904761904762,64.28571428571428,0.43261066,0.40866974,0.06451756,0.30193266,Moderate Risk
1597,71.62293,28.377068,18.181818181818183,59.09090909090908,0.27241686,0.3885161,0.19037911,0.28377068,Low Risk
1598,87.04989,12.95011,4.0,41.0,0.19978774,0.18871559,2.6035575e-11,0.1295011,Low Risk
1599,92.54288,7.45712,0.0,36.8421052631579,0.12164827,0.07893141,0.023133915,0.0745712,Low Risk
1600,87.622894,12.377104,6.666666666666667,65.55555555555556,0.09739189,0.15814568,0.115775555,0.12377104,Low Risk
1601,82.90804,17.091951,0.0,54.54545454545454,0.267889,0.15399949,0.09087006,0.17091952,Low Risk
1605,48.312523,51.687477,10.0,52.0,0.7319506,0.8071446,0.011529258,0.5168748,Moderate Risk
1606,92.26984,7.7301645,2.0,40.0,0.053707633,0.17809379,0.000103514205,0.077301644,Low Risk
1607,73.70677,26.293234,9.090909090909092,68.18181818181819,0.42083088,0.3349468,0.03301926,0.26293233,Low Risk
1608,97.2715,2.7285063,22.727272727272727,54.54545454545454,0.0511619,0.030693296,9.670286e-12,0.027285064,Low Risk
1615,83.321,16.679,22.58064516129032,62.903225806451616,0.23674917,0.26218352,0.001437318,0.16679001,Low Risk
1616,97.78715,2.212851,6.0,34.0,0.030348595,0.027143314,0.00889362,0.02212851,Low Risk
1617,27.818823,72.181175,0.0,83.33333333333334,0.820269,0.9081594,0.43700707,0.7218118,High Risk
1620,88.91127,11.088731,0.0,59.375,0.20126359,0.10440197,0.026996367,0.11088731,Low Risk
1622,76.87674,23.12326,0.0,50.0,0.03634411,0.11539529,0.5419584,0.2312326,Low Risk
1627,86.805885,13.194116,10.714285714285714,46.42857142857143,0.28509107,0.1107324,0.0,0.13194115,Low Risk
1628,57.869946,42.130054,14.000000000000002,57.99999999999999,0.78478974,0.47857282,0.00053916324,0.42130056,Moderate Risk
1632,77.86211,22.137892,8.0,37.0,0.22942768,0.43470907,2.4869632e-11,0.22137892,Low Risk
1633,79.44824,20.551758,0.0,30.000000000000004,0.30889136,0.18941997,0.11824136,0.20551758,Low Risk
1634,15.939731,84.06027,36.666666666666664,96.66666666666667,0.99131304,0.9826254,0.5478698,0.8406027,High Risk
1635,88.59622,11.403779,18.0,58.00000000000001,0.17036937,0.171744,0.0,0.11403779,Low Risk
1637,56.696285,43.30372,18.0,54.0,0.46808735,0.7691564,0.06186778,0.4330372,Moderate Risk
1639,63.133884,36.866116,4.0,45.0,0.07209353,0.08729758,0.9465924,0.36866117,Moderate Risk
1640,73.35074,26.649258,40.0,70.0,0.31158322,0.4416863,0.046208177,0.26649258,Low Risk
1641,97.24169,2.7583053,14.000000000000002,39.0,0.04249816,0.034110762,0.006140231,0.027583053,Low Risk
1643,88.52175,11.478248,0.0,71.42857142857143,0.19188881,0.13674344,0.015715197,0.114782475,Low Risk
1645,96.963295,3.0366995,2.0,52.0,0.039260227,0.0432941,0.008546666,0.030366996,Low Risk
1646,85.66006,14.339943,4.761904761904762,57.14285714285714,0.236265,0.17435583,0.019577432,0.14339943,Low Risk
1654,89.914925,10.085075,6.0,18.0,0.1628678,0.13968444,1.5463181e-08,0.10085075,Low Risk
1657,46.600048,53.399952,36.0,77.0,0.77465934,0.8166563,0.010682836,0.5339995,Moderate Risk
1658,82.88282,17.117176,6.0,49.0,0.19574893,0.09093409,0.22683227,0.17117177,Low Risk
1660,98.51348,1.4865165,4.0,45.0,0.032140534,0.012454961,3.940574e-15,0.014865165,Low Risk
1662,90.075455,9.9245405,6.382978723404255,26.595744680851062,0.16746597,0.13027027,2.2658347e-12,0.09924541,Low Risk
1663,82.37892,17.621077,0.0,50.0,0.25771576,0.27091655,3.2620302e-12,0.17621076,Low Risk
1664,23.745983,76.25401,22.0,67.0,0.7503627,0.6170418,0.9202161,0.76254016,High Risk
1665,85.29265,14.707349,12.0,66.0,0.2505829,0.19063754,0.0,0.14707349,Low Risk
1666,95.28964,4.7103596,12.0,56.00000000000001,0.062486183,0.07872621,9.8397984e-05,0.047103595,Low Risk
1668,87.7271,12.272909,4.761904761904762,64.28571428571428,0.2274462,0.1340991,0.00664199,0.12272909,Low Risk
1669,19.692945,80.30705,36.666666666666664,83.33333333333333,0.9652163,0.974165,0.46983033,0.80307055,High Risk
1670,67.60092,32.399075,18.0,52.0,0.021895649,0.09359146,0.8564852,0.32399076,Moderate Risk
1672,19.35947,80.64053,0.0,83.33333333333334,0.9413327,0.94306034,0.53482294,0.8064053,High Risk
1673,94.0481,5.9518914,5.0,55.00000000000001,0.053996027,0.108247146,0.01631356,0.059518915,Low Risk
1674,93.67502,6.3249836,0.0,51.61290322580645,0.16126478,0.028422566,6.217506e-05,0.063249834,Low Risk
1675,86.81723,13.18277,10.0,47.0,0.1849006,0.21058246,6.60628e-09,0.1318277,Low Risk
1676,87.09191,12.908089,18.0,66.0,0.22454329,0.16184966,0.0008497305,0.12908089,Low Risk
1682,75.64714,24.35286,43.75,84.375,0.31381497,0.41677082,4.023973e-10,0.2435286,Low Risk
1683,81.96673,18.033274,10.0,52.0,0.039344866,0.1108709,0.39078248,0.18033274,Low Risk
1685,82.68944,17.310564,20.0,70.0,0.19301608,0.14253116,0.18376966,0.17310564,Low Risk
1686,73.212326,26.787674,2.0,35.0,0.32035324,0.48327696,0.0,0.26787674,Low Risk
1687,94.6048,5.395202,18.0,59.0,0.073990345,0.08786572,2.4284014e-31,0.05395202,Low Risk
1688,75.09143,24.908571,0.0,60.0,0.07248839,0.23066516,0.4441036,0.24908571,Low Risk
1690,17.775219,82.22478,53.84615384615385,84.61538461538461,0.9654916,0.95974946,0.54150236,0.8222478,High Risk
1694,91.721176,8.278821,5.0,57.49999999999999,0.10324384,0.14512073,3.781749e-08,0.08278821,Low Risk
1697,94.00429,5.995712,11.11111111111111,50.0,0.072767094,0.08003038,0.027073875,0.059957117,Low Risk
1698,51.10265,48.897354,33.33333333333333,78.57142857142857,0.76554155,0.5885319,0.11284703,0.48897353,Moderate Risk
1700,71.38387,28.616133,0.0,59.375,0.100388125,0.3570423,0.40105358,0.28616133,Low Risk
1702,80.44493,19.555069,20.0,53.0,0.31907627,0.26757574,1.0321777e-09,0.19555068,Low Risk
1703,88.58812,11.411883,36.0,77.0,0.22550619,0.11685033,0.0,0.11411884,Low Risk
1704,82.03944,17.960558,0.0,41.666666666666664,0.21788792,0.16651903,0.15440981,0.17960559,Low Risk
1706,55.95075,44.04925,20.0,70.0,0.5565861,0.7374381,0.027453354,0.4404925,Moderate Risk
1710,17.622208,82.37779,26.0,65.99999999999999,0.62734103,0.8469461,0.9970466,0.8237779,High Risk
1712,64.11925,35.88076,4.0,35.0,0.044877153,0.03171227,0.9998334,0.3588076,Moderate Risk
1713,97.190926,2.8090687,17.142857142857142,50.0,0.0381642,0.045967545,0.00014030836,0.028090686,Low Risk
1714,69.759605,30.240393,40.0,80.0,0.38730282,0.41731492,0.10259399,0.30240393,Moderate Risk
1715,80.7505,19.249493,12.0,44.0,0.3419874,0.18925384,0.04624354,0.19249493,Low Risk
1717,39.33367,60.66633,28.57142857142857,95.71428571428572,0.8795305,0.8483165,0.092142954,0.6066633,Moderate Risk
1718,39.931755,60.068245,37.5,83.74999999999999,0.8540122,0.8669767,0.08105834,0.60068244,Moderate Risk
1720,90.12585,9.874154,6.25,34.375,0.19880427,0.09099632,0.0064240294,0.09874154,Low Risk
1721,90.50753,9.492468,0.0,44.44444444444444,0.18794681,0.09682722,7.191443e-13,0.09492468,Low Risk
1722,82.90205,17.097958,20.0,49.0,0.25735405,0.25558472,0.0,0.17097957,Low Risk
1723,83.437096,16.562904,4.0,44.0,0.34197557,0.15433954,0.00057198666,0.16562904,Low Risk
1724,72.77546,27.22454,12.0,59.00000000000001,0.3947704,0.4128885,0.009077302,0.2722454,Low Risk
1725,40.812057,59.187943,13.333333333333334,63.33333333333333,0.5483554,0.68060064,0.54668236,0.5918794,Moderate Risk
1726,82.144775,17.855227,2.0,75.0,0.1090609,0.42438093,0.0022149528,0.17855227,Low Risk
1728,84.26897,15.731038,2.0,30.000000000000004,0.0198901,0.017021533,0.4350195,0.15731038,Low Risk
1731,78.38199,21.618013,24.0,61.0,0.17378347,0.47411063,0.00064628763,0.21618013,Low Risk
1732,93.58168,6.4183197,6.0,42.00000000000001,0.059539545,0.04085543,0.09215461,0.0641832,Low Risk
1735,92.32108,7.678922,18.181818181818183,40.90909090909091,0.0671385,0.04562275,0.1176064,0.07678922,Low Risk
1738,23.762447,76.23756,20.0,76.66666666666666,0.9306381,0.9109958,0.44549277,0.76237553,High Risk
1743,37.622673,62.377327,6.666666666666667,45.0,0.71448517,0.61315835,0.54367626,0.6237733,Moderate Risk
1745,80.24757,19.752436,9.090909090909092,50.0,0.32736182,0.20161475,0.063596494,0.19752435,Low Risk
1747,66.258026,33.741978,0.0,33.333333333333336,0.3137154,0.41689318,0.28165075,0.33741978,Moderate Risk
1748,84.795074,15.204923,8.0,42.00000000000001,0.24551108,0.2106366,6.0852543e-18,0.15204923,Low Risk
1749,95.87115,4.1288557,10.0,47.0,0.04151724,0.08234842,0.0,0.041288555,Low Risk
1751,86.289825,13.710173,34.0,88.0,0.14640386,0.2649013,0.0,0.13710172,Low Risk
1755,75.90005,24.099953,10.0,57.00000000000001,0.24539414,0.19293468,0.28466976,0.24099952,Low Risk
1756,19.258732,80.74127,20.0,88.33333333333334,0.91088885,0.96122366,0.55012554,0.8074127,High Risk
1764,86.272934,13.727063,18.0,71.0,0.21690843,0.19490348,3.777268e-14,0.13727063,Low Risk
1766,83.348274,16.651726,10.0,67.0,0.22602646,0.2735253,0.0,0.16651726,Low Risk
1767,88.075424,11.924579,5.88235294117647,41.17647058823529,0.21770738,0.12647003,0.013559923,0.11924579,Low Risk
1770,85.48983,14.510174,2.0,46.0,0.04082605,0.050031383,0.3444478,0.14510174,Low Risk
1771,84.80882,15.191179,20.0,75.0,0.20660436,0.108269446,0.14086157,0.1519118,Low Risk
1772,83.22202,16.777975,11.76470588235294,67.64705882352942,0.20823818,0.22708005,0.06802109,0.16777976,Low Risk
1776,93.44786,6.5521336,6.0,48.0,0.10985788,0.086706124,3.5399556e-23,0.06552134,Low Risk
1777,92.70891,7.291089,10.526315789473683,36.8421052631579,0.066653386,0.03972911,0.11235017,0.07291089,Low Risk
1778,61.65179,38.348206,14.000000000000002,49.0,0.25228623,0.075852,0.822308,0.38348207,Moderate Risk
1783,75.09298,24.907024,9.090909090909092,50.0,0.30030298,0.17199767,0.2749101,0.24907024,Low Risk
1784,92.27438,7.7256193,0.0,28.37837837837838,0.14599238,0.08577621,6.751028e-11,0.077256195,Low Risk
1786,91.66858,8.33142,19.444444444444446,58.33333333333333,0.15614684,0.080399536,0.013396239,0.0833142,Low Risk
1788,84.86678,15.133214,4.761904761904762,42.857142857142854,0.19926237,0.130636,0.12409807,0.15133214,Low Risk
1790,18.743866,81.256134,20.0,80.0,0.9250827,0.97106355,0.54153776,0.81256133,High Risk
1793,43.390743,56.609257,34.0,81.0,0.38657838,0.54315567,0.76854354,0.56609255,Moderate Risk
1794,81.42779,18.57221,9.090909090909092,63.63636363636363,0.17952839,0.18967853,0.18795937,0.1857221,Low Risk
1796,93.038895,6.9611087,0.0,52.0,0.1016438,0.10718946,5.9230354e-33,0.06961109,Low Risk
1798,42.99807,57.00193,24.0,66.0,0.76846284,0.8418985,0.09969655,0.5700193,Moderate Risk
1799,82.46884,17.531157,4.3478260869565215,53.2608695652174,0.047893934,0.10798465,0.37005612,0.17531157,Low Risk
1800,69.118355,30.88164,42.0,84.00000000000001,0.29173884,0.4380191,0.19669127,0.3088164,Moderate Risk
1802,40.08311,59.91689,9.375,75.0,0.48629206,0.9235515,0.38766316,0.5991689,Moderate Risk
1803,31.549973,68.45003,13.333333333333334,70.0,0.68651336,0.823598,0.5433896,0.6845003,Moderate Risk
1804,89.46036,10.5396385,12.0,48.0,0.17964788,0.1365413,1.5775428e-10,0.10539639,Low Risk
1805,56.601883,43.398117,43.90243902439025,96.34146341463415,0.41665322,0.8852904,0.0,0.43398118,Moderate Risk
1808,88.36187,11.638132,2.0,44.0,0.043102797,0.02508605,0.2809551,0.11638132,Low Risk
1811,42.958206,57.041794,38.0,87.0,0.79875773,0.794909,0.11758705,0.57041794,Moderate Risk
1812,97.713585,2.2864153,4.25531914893617,46.808510638297875,0.025474794,0.0243075,0.01881016,0.022864154,Low Risk
1813,43.566067,56.433933,0.0,73.33333333333334,0.37248728,0.7839548,0.536576,0.56433934,Moderate Risk
1814,51.703667,48.296333,3.3333333333333335,64.99999999999999,0.25123158,0.7601263,0.43753207,0.48296332,Moderate Risk
1816,87.77022,12.229785,2.0,23.0,0.18874514,0.17814837,0.0,0.122297846,Low Risk
1818,19.892073,80.107925,46.666666666666664,106.66666666666667,0.9830979,0.96823466,0.45190513,0.8010793,High Risk
1822,79.31095,20.689049,30.434782608695656,69.56521739130434,0.35699153,0.24435446,0.019325461,0.20689048,Low Risk
1823,78.80212,21.197887,4.0,36.0,0.013699139,0.033546276,0.5886912,0.21197887,Low Risk
1824,90.86863,9.1313715,8.0,49.0,0.1799281,0.09376753,0.00024550638,0.09131371,Low Risk
1825,16.073912,83.92609,40.0,93.33333333333333,0.9857263,0.9836483,0.54840815,0.8392609,High Risk
1826,72.82953,27.170467,0.0,80.0,0.40837765,0.33758527,0.06915112,0.27170467,Low Risk
1827,92.89781,7.102193,26.08695652173913,58.69565217391304,0.10830967,0.09988215,0.0048739766,0.07102193,Low Risk
1829,91.75149,8.248515,8.0,57.00000000000001,0.14277269,0.10468277,0.0,0.082485154,Low Risk
1831,93.096756,6.9032454,0.0,29.411764705882348,0.095616885,0.08639039,0.025090063,0.06903245,Low Risk
1832,16.441154,83.558846,40.0,93.33333333333333,0.9840133,0.980054,0.54269814,0.83558846,High Risk
1833,80.77927,19.220734,6.25,56.25,0.27261484,0.19154106,0.11246612,0.19220734,Low Risk
1834,41.865368,58.134632,29.411764705882355,70.58823529411764,0.84601706,0.898022,0.0,0.58134633,Moderate Risk
1837,26.256388,73.743614,13.333333333333334,68.33333333333333,0.82704526,0.8384179,0.54684526,0.7374361,High Risk
1839,44.807022,55.192978,28.000000000000004,77.0,0.81024325,0.8350856,0.0104606515,0.5519298,Moderate Risk
1844,89.3192,10.680799,6.0,53.0,0.19913504,0.12128891,1.8217279e-10,0.106807984,Low Risk
1845,97.85827,2.1417308,2.1739130434782608,31.521739130434785,0.036795758,0.027237969,0.00021820024,0.021417307,Low Risk
1846,35.447998,64.552,0.0,76.66666666666666,0.61748064,0.8851213,0.43395817,0.64552003,Moderate Risk
1848,55.234158,44.765842,18.181818181818183,54.54545454545454,0.65006036,0.6929149,2.7095342e-11,0.44765842,Moderate Risk
1852,92.34963,7.65037,12.0,39.0,0.11293824,0.11657288,0.0,0.0765037,Low Risk
1854,42.04877,57.95123,0.0,66.66666666666667,0.40708995,0.79587275,0.5355743,0.5795123,Moderate Risk
1855,19.438553,80.56145,20.0,71.66666666666667,0.97910446,0.97738945,0.46034956,0.8056145,High Risk
1856,73.50326,26.496744,7.6923076923076925,53.846153846153854,0.36499003,0.30432826,0.12558399,0.26496744,Low Risk
1857,22.095745,77.90425,20.0,68.33333333333333,0.85024196,0.94070095,0.5461849,0.77904254,High Risk
1861,19.397099,80.602905,26.666666666666668,81.66666666666667,0.97423446,0.9807122,0.46314025,0.806029,High Risk
1862,52.865707,47.13429,15.151515151515152,75.75757575757575,0.64933676,0.7646919,2.2730884e-13,0.4713429,Moderate Risk
1864,85.56604,14.433956,0.0,38.23529411764706,0.20181136,0.21015681,0.021050513,0.14433956,Low Risk
1865,92.03292,7.9670777,11.11111111111111,38.88888888888889,0.10597487,0.054777417,0.07826006,0.07967078,Low Risk
1866,95.854904,4.145095,0.0,28.000000000000004,0.055053428,0.06359981,0.0056996075,0.041450948,Low Risk
1869,19.917267,80.08273,3.3333333333333335,63.33333333333333,0.90931237,0.9504645,0.5427053,0.8008273,High Risk
1871,89.6149,10.385104,0.0,21.999999999999996,0.19689426,0.11465888,2.5360178e-12,0.10385104,Low Risk
1872,46.37391,53.62609,2.941176470588235,80.88235294117648,0.61059445,0.83096945,0.1672189,0.5362609,Moderate Risk
1877,98.23569,1.764317,4.0,30.0,0.02615856,0.025205638,0.0015653163,0.01764317,Low Risk
1879,91.72989,8.270108,12.903225806451612,70.96774193548387,0.18064703,0.06745621,0.0,0.08270108,Low Risk
1880,86.58634,13.413663,0.0,64.28571428571428,0.20935239,0.19305752,0.0,0.13413663,Low Risk
1881,49.752754,50.247246,10.0,75.0,0.46405298,0.9117005,0.13166393,0.50247246,Moderate Risk
1882,95.564354,4.4356494,6.666666666666667,31.666666666666664,0.10226151,0.030807968,0.0,0.044356495,Low Risk
1883,83.625084,16.374914,0.0,70.0,0.20368189,0.1929061,0.09465945,0.16374914,Low Risk
1884,19.605797,80.3942,36.666666666666664,75.0,0.9764137,0.97557884,0.45983365,0.803942,High Risk
1886,90.26085,9.739149,13.333333333333334,30.0,0.15875351,0.13342093,1.1254479e-19,0.097391486,Low Risk
1887,82.177475,17.822529,10.0,60.0,0.31595585,0.18585414,0.032865897,0.17822528,Low Risk
1888,92.19627,7.803724,2.0,15.000000000000002,0.13507465,0.039991625,0.05904545,0.07803724,Low Risk
1891,93.26222,6.737778,5.555555555555555,38.888888888888886,0.08451022,0.05286164,0.0647615,0.06737778,Low Risk
1893,89.76883,10.23117,14.000000000000002,41.0,0.19805998,0.10887508,0.0,0.10231169,Low Risk
1894,68.11287,31.887133,6.666666666666667,40.0,0.16310284,0.33290404,0.46060708,0.31887132,Moderate Risk
1897,80.81336,19.186642,7.6923076923076925,38.46153846153846,0.29720312,0.2511309,0.027265266,0.19186641,Low Risk
1898,61.725403,38.274597,28.000000000000004,69.0,0.30098262,0.4150401,0.43221524,0.38274598,Moderate Risk
1902,19.148518,80.85149,60.0,100.0,0.9896239,0.98304826,0.4528722,0.80851483,High Risk
1905,38.885242,61.114758,35.0,83.75,0.8754872,0.9072471,0.050708406,0.6111476,Moderate Risk
1908,72.77094,27.229061,40.0,60.0,0.37108856,0.3653037,0.08047962,0.27229062,Low Risk
1909,81.10679,18.893211,0.0,40.90909090909091,0.01070659,0.015065665,0.5410241,0.18893212,Low Risk
1913,95.62298,4.3770266,2.564102564102564,48.717948717948715,0.056366228,0.07494457,1.1764831e-10,0.043770265,Low Risk
1914,40.06426,59.93574,30.0,87.0,0.7777744,0.86221015,0.15808773,0.5993574,Moderate Risk
1916,92.21637,7.783629,8.0,41.0,0.16050087,0.073008,0.0,0.07783629,Low Risk
1917,58.773315,41.22668,20.0,64.0,0.56637806,0.67042243,0.0,0.41226682,Moderate Risk
1919,70.107864,29.892138,34.04255319148936,87.2340425531915,0.4910007,0.4057634,4.8026352e-29,0.29892138,Low Risk
1920,93.886635,6.113363,16.666666666666664,50.0,0.104383476,0.0658207,0.013196705,0.061133627,Low Risk
1924,85.277596,14.722406,8.51063829787234,50.0,0.2501116,0.1712762,0.02028442,0.14722407,Low Risk
1927,94.415344,5.5846553,10.0,37.0,0.04333499,0.12420466,0.0,0.055846553,Low Risk
1928,26.715582,73.28442,0.0,80.0,0.86167926,0.90153867,0.43531466,0.7328442,High Risk
1930,95.49524,4.504765,6.382978723404255,44.680851063829785,0.082351744,0.039479204,0.013312001,0.045047652,Low Risk
1931,18.185234,81.814766,20.0,71.66666666666667,0.9364147,0.9690795,0.54894876,0.81814766,High Risk
1933,79.5846,20.415394,36.36363636363637,90.9090909090909,0.32432997,0.21124801,0.076883815,0.20415394,Low Risk
1934,98.28013,1.7198758,8.0,36.0,0.030943679,0.020427352,0.0002252449,0.017198758,Low Risk
1935,78.30661,21.693392,10.0,10.0,0.25594217,0.23291394,0.16194564,0.21693392,Low Risk
1936,98.793564,1.2064389,6.0,31.000000000000007,0.01904073,0.013447877,0.003704559,0.012064389,Low Risk
1937,24.330313,75.669685,26.666666666666668,78.33333333333334,0.92585325,0.89622617,0.44801116,0.7566969,High Risk
1938,46.195137,53.804863,33.33333333333333,79.48717948717949,0.30464634,0.65807045,0.65142906,0.5380486,Moderate Risk
1939,84.5298,15.470202,14.000000000000002,47.0,0.20249428,0.25387123,0.007740521,0.15470202,Low Risk
1940,52.374817,47.62518,38.0,78.0,0.76788056,0.61056286,0.05031196,0.4762518,Moderate Risk
1941,95.003174,4.996822,14.000000000000002,51.0,0.10351269,0.04638736,4.6016717e-06,0.049968217,Low Risk
1942,72.338776,27.661232,16.0,58.00000000000001,0.5182496,0.31158742,9.515863e-30,0.2766123,Low Risk
1943,89.35172,10.64828,6.0,65.99999999999999,0.045895312,0.08017275,0.19338034,0.106482804,Low Risk
1944,90.69912,9.30088,0.0,28.888888888888886,0.16356732,0.11545911,5.4288615e-17,0.09300881,Low Risk
1945,60.25982,39.740177,40.0,95.0,0.4335118,0.7586935,9.265373e-11,0.39740178,Moderate Risk
1946,94.12459,5.8754067,6.0,40.0,0.10115375,0.07510845,0.0,0.058754068,Low Risk
1950,31.031536,68.96846,28.57142857142857,78.57142857142857,0.82350934,0.864496,0.38104862,0.6896846,Moderate Risk
1951,86.0223,13.9777,10.256410256410255,29.487179487179482,0.31267345,0.106657565,2.0530213e-34,0.139777,Low Risk
1953,81.79916,18.200844,58.333333333333336,100.0,0.23887852,0.3071468,2.0356374e-09,0.18200843,Low Risk
1954,96.055016,3.9449782,6.0,37.0,0.09381478,0.02453456,1.426464e-10,0.03944978,Low Risk
1956,58.922813,41.077183,6.666666666666667,50.0,0.466312,0.27715537,0.48884812,0.41077182,Moderate Risk
1957,87.192245,12.807756,18.0,65.0,0.21293753,0.17129517,0.0,0.12807757,Low Risk
1958,74.108505,25.891499,33.33333333333333,75.0,0.35982826,0.4169166,1.0572809e-07,0.25891498,Low Risk
1959,85.90994,14.090055,0.0,63.63636363636363,0.123530485,0.076653294,0.2225179,0.14090055,Low Risk
1960,69.04903,30.950975,18.181818181818183,31.818181818181817,0.4038705,0.39658022,0.12807861,0.30950975,Moderate Risk
1961,86.049736,13.950261,10.0,64.99999999999999,0.18762225,0.15104696,0.07983864,0.13950261,Low Risk
1963,40.706093,59.293907,40.0,75.0,0.4906108,0.8208293,0.4673771,0.5929391,Moderate Risk
1966,85.27921,14.720787,14.000000000000002,39.0,0.1895462,0.15473388,0.09734353,0.14720787,Low Risk
1970,84.68129,15.318709,22.22222222222222,63.888888888888886,0.20265256,0.25690874,0.0,0.1531871,Low Risk
1971,91.260544,8.739457,0.0,72.72727272727273,0.13656336,0.050027043,0.07559334,0.08739457,Low Risk
1972,37.969273,62.030727,19.230769230769234,84.61538461538463,0.92456627,0.93635565,4.8572456e-29,0.62030727,Moderate Risk
1974,92.3147,7.6853027,10.0,20.0,0.054154713,0.045883488,0.1305209,0.07685303,Low Risk
1976,75.84019,24.159815,16.0,65.0,0.24845065,0.4763438,1.7808619e-14,0.24159814,Low Risk
1977,96.50048,3.4995227,0.0,36.36363636363637,0.029272573,0.044868406,0.030844701,0.034995228,Low Risk
1978,31.597107,68.40289,20.0,61.66666666666667,0.6266211,0.8812974,0.5441681,0.6840289,Moderate Risk
1979,64.62474,35.37526,20.0,54.0,0.50840783,0.5528499,7.7646934e-38,0.35375258,Moderate Risk
1981,22.59496,77.405045,33.33333333333333,60.00000000000001,0.91746587,0.94383955,0.4608458,0.7740504,High Risk
1983,71.722664,28.27734,0.0,40.0,0.4193289,0.3923873,0.036604,0.2827734,Low Risk
1985,76.78315,23.216848,0.0,70.83333333333334,0.3721141,0.15732172,0.16706964,0.23216848,Low Risk
1986,89.058235,10.941764,12.0,58.00000000000001,0.036252055,0.29200086,0.0,0.10941764,Low Risk
1988,93.98921,6.0107903,0.0,38.888888888888886,0.12013072,0.0509091,0.009283894,0.060107905,Low Risk
1990,77.75485,22.245146,20.0,55.00000000000001,0.32638335,0.2275431,0.11342792,0.22245146,Low Risk
1992,47.34543,52.65457,24.242424242424242,83.33333333333334,0.49862063,0.6700015,0.41101506,0.5265457,Moderate Risk
1993,96.17203,3.8279693,0.0,24.324324324324323,0.057882827,0.056956254,0.0,0.038279694,Low Risk
1995,94.402916,5.597086,0.0,42.00000000000001,0.0687484,0.09916417,1.6571487e-26,0.05597086,Low Risk
1996,89.821014,10.178986,5.263157894736842,60.52631578947369,0.13398328,0.11679522,0.054591045,0.101789854,Low Risk
1998,26.630205,73.3698,0.0,80.0,0.86238474,0.90148634,0.43722293,0.73369795,High Risk
2001,80.67359,19.326408,0.0,78.57142857142857,0.23896594,0.25648847,0.0843378,0.19326408,Low Risk
2004,88.812744,11.187259,10.0,62.5,0.08283898,0.22871996,0.024058787,0.11187258,Low Risk
2006,73.81583,26.184181,26.666666666666668,60.0,0.472185,0.29208606,0.02125436,0.2618418,Low Risk
2008,67.86974,32.13025,36.36363636363637,100.0,0.4314209,0.4235588,0.108927764,0.3213025,Moderate Risk
2009,93.08083,6.9191656,5.0,47.5,0.03719546,0.13855171,0.0318278,0.06919166,Low Risk
2010,95.36143,4.638569,12.0,65.0,0.03220176,0.08182529,0.025130007,0.046385687,Low Risk
2011,94.72349,5.276516,4.0,60.00000000000001,0.086304374,0.071991116,2.1030293e-09,0.05276516,Low Risk
2012,93.53802,6.4619837,9.090909090909092,45.45454545454546,0.02017469,0.017496618,0.1561882,0.06461984,Low Risk
2013,99.54774,0.45226052,0.0,21.999999999999996,0.005536257,0.007841067,0.00019049269,0.0045226053,Low Risk
2014,77.0958,22.904202,6.666666666666667,36.666666666666664,0.053959016,0.1791361,0.45403096,0.22904201,Low Risk
2017,97.11082,2.8891792,8.0,39.0,0.0473068,0.039368577,0.0,0.028891793,Low Risk
2021,75.20776,24.792236,14.705882352941178,54.41176470588236,0.40931165,0.33445534,5.6384984e-08,0.24792236,Low Risk
2022,68.609856,31.390146,10.0,57.00000000000001,0.35001826,0.5781459,0.013540197,0.31390145,Moderate Risk
2024,98.79422,1.2057793,0.0,39.0,0.016603723,0.019450882,0.00011877632,0.012057793,Low Risk
2025,45.571358,54.428642,0.0,60.0,0.3580194,0.83973515,0.4351046,0.54428643,Moderate Risk
2026,68.58238,31.417618,8.0,34.0,0.018294703,0.028781328,0.89545244,0.31417617,Moderate Risk
2029,85.1014,14.8986,16.216216216216218,45.945945945945944,0.24445465,0.20250179,1.5594933e-06,0.148986,Low Risk
2032,31.286644,68.713356,3.3333333333333335,56.666666666666664,0.72653157,0.7895472,0.545322,0.68713355,Moderate Risk
2033,95.38783,4.6121683,12.0,38.0,0.03868131,0.098976575,0.0007071583,0.046121683,Low Risk
2034,39.30254,60.69746,0.0,70.0,0.37734035,0.9046439,0.53893954,0.6069746,Moderate Risk
2035,63.479733,36.520264,3.3333333333333335,70.0,0.051572524,0.59977096,0.44426444,0.36520264,Moderate Risk
2036,32.191944,67.80806,30.0,53.333333333333336,0.8373472,0.7458648,0.45102972,0.67808056,Moderate Risk
2039,77.680984,22.319021,15.384615384615385,15.384615384615385,0.019825047,0.105051264,0.5446943,0.2231902,Low Risk
2041,26.096409,73.90359,23.076923076923077,61.53846153846154,0.7357233,0.9411285,0.54025596,0.7390359,High Risk
2043,90.61404,9.385959,0.0,31.999999999999996,0.20946386,0.07183923,0.0002756723,0.09385959,Low Risk
2044,86.350975,13.649027,11.76470588235294,58.82352941176471,0.21283963,0.1564019,0.04022928,0.13649027,Low Risk
2045,69.63993,30.360064,30.0,90.0,0.4325537,0.41002226,0.06822593,0.30360064,Moderate Risk
2049,97.1853,2.8146987,8.333333333333332,16.666666666666668,0.031813107,0.014997129,0.037630722,0.028146988,Low Risk
2052,75.64972,24.35028,0.0,57.14285714285714,0.313592,0.41691643,6.8957745e-10,0.24350281,Low Risk
2053,79.202995,20.797003,14.285714285714285,51.19047619047619,0.32077843,0.3031316,0.0,0.20797002,Low Risk
2057,90.195076,9.804923,18.181818181818183,54.54545454545454,0.15818302,0.06254003,0.07342464,0.09804923,Low Risk
2058,76.59036,23.409634,0.0,70.0,0.34649694,0.27023798,0.08555406,0.23409633,Low Risk
2059,90.895096,9.104899,2.0,34.0,0.17713772,0.09391805,0.0020912157,0.09104899,Low Risk
2068,74.87806,25.121939,16.0,56.00000000000001,0.2973318,0.44288254,0.0134438295,0.2512194,Low Risk
2069,21.556192,78.44381,23.333333333333332,76.66666666666666,0.89492464,0.96508247,0.49330708,0.7844381,High Risk
2070,78.42132,21.578682,6.0,45.0,0.29994386,0.32567847,0.021738108,0.21578681,Low Risk
2071,83.56174,16.438265,28.57142857142857,78.57142857142857,0.34041017,0.1527378,3.2982774e-13,0.16438265,Low Risk
2072,98.36449,1.6355116,10.0,46.0,0.03559188,0.013455413,1.8052217e-05,0.016355116,Low Risk
2074,94.74021,5.2597885,4.0,36.0,0.08840531,0.06884397,0.00054438604,0.052597884,Low Risk
2076,70.56632,29.433676,21.052631578947366,68.42105263157893,0.43087834,0.4491672,0.0029647634,0.29433677,Low Risk
2077,52.7748,47.225204,12.0,75.0,0.6594257,0.7573305,2.450006e-13,0.47225204,Moderate Risk
2078,89.46232,10.537684,6.0,42.00000000000001,0.116658114,0.1994639,8.536856e-06,0.10537685,Low Risk
2080,81.81274,18.18726,18.181818181818183,45.45454545454545,0.31201527,0.2336025,2.6688425e-09,0.18187259,Low Risk
2081,96.27192,3.7280805,2.0,15.000000000000002,0.08095762,0.030102069,0.0007827273,0.037280805,Low Risk
2083,67.539825,32.460175,28.000000000000004,65.99999999999999,0.408861,0.5633738,0.0015703937,0.32460174,Moderate Risk
2084,86.482056,13.517947,12.0,48.0,0.21125337,0.08876978,0.105515264,0.13517947,Low Risk
2085,18.55356,81.44644,13.333333333333334,80.0,0.925986,0.97391224,0.543495,0.8144644,High Risk
2086,39.499886,60.500114,16.666666666666664,53.333333333333336,0.5777114,0.7820982,0.45519376,0.60500115,Moderate Risk
2088,55.564976,44.435028,28.000000000000004,80.0,0.63639146,0.6934312,0.0032281473,0.44435027,Moderate Risk
2089,20.135433,79.86457,0.0,80.0,0.9293399,0.9309355,0.5356617,0.7986457,High Risk
2091,96.154335,3.84567,0.0,10.0,0.006390791,0.011036063,0.09794325,0.0384567,Low Risk
2093,81.15222,18.847782,0.0,70.0,0.2872742,0.18856972,0.089589566,0.18847783,Low Risk
2095,89.612495,10.387505,14.000000000000002,43.0,0.20973271,0.10189243,0.0,0.10387504,Low Risk
2097,46.093796,53.906204,54.0,103.0,0.74085265,0.8763334,2.2726558e-12,0.539062,Moderate Risk
2098,79.94634,20.053654,10.0,40.0,0.2654293,0.3361803,1.12192e-08,0.20053653,Low Risk
2101,95.375,4.6249976,2.0,69.0,0.074167415,0.06458051,2.0010211e-06,0.046249975,Low Risk
2102,89.87514,10.124863,0.0,43.00000000000001,0.19346192,0.11028396,4.3705513e-20,0.10124863,Low Risk
2106,78.36961,21.630383,0.0,43.333333333333336,0.03238865,0.07323977,0.54328305,0.21630383,Low Risk
2110,96.39908,3.600927,0.0,29.411764705882348,0.0684381,0.026717175,0.012872549,0.03600927,Low Risk
2111,55.397785,44.60222,30.0,60.0,0.64626056,0.51257396,0.17923214,0.44602218,Moderate Risk
2113,17.689817,82.31018,20.0,85.00000000000001,0.9578802,0.96292645,0.54849887,0.8231018,High Risk
2115,83.285225,16.714775,23.333333333333332,73.33333333333334,0.24599856,0.23810308,0.0173416,0.16714776,Low Risk
2117,85.47223,14.527776,27.27272727272727,63.63636363636363,0.21120094,0.18379536,0.040837,0.14527775,Low Risk
2118,23.137707,76.8623,0.0,76.66666666666666,0.9386521,0.9242471,0.4429696,0.76862293,High Risk
2122,75.33074,24.669262,14.285714285714285,57.14285714285714,0.3272949,0.412783,4.439827e-12,0.24669261,Low Risk
2124,58.805965,41.194035,20.0,63.99999999999999,0.2138558,0.2712691,0.75069606,0.41194034,Moderate Risk
2128,38.56623,61.43377,0.0,73.33333333333334,0.47215167,0.8364226,0.5344388,0.6143377,Moderate Risk
2129,85.997345,14.002659,9.090909090909092,40.90909090909091,0.26006457,0.16001521,1.08371905e-11,0.14002658,Low Risk
2132,75.43356,24.566437,14.285714285714285,57.14285714285714,0.3206584,0.41633466,4.590208e-12,0.24566436,Low Risk
2135,37.42153,62.57847,14.000000000000002,50.0,0.43899724,0.45891678,0.97944,0.6257847,Moderate Risk
2139,21.367008,78.632996,16.666666666666664,76.66666666666666,0.8674745,0.94704866,0.54446656,0.7863299,High Risk
2141,72.484505,27.515497,28.57142857142857,64.28571428571428,0.3584083,0.41254458,0.05451203,0.27515498,Low Risk
2142,94.71756,5.282438,8.0,32.00000000000001,0.11060022,0.04787291,0.0,0.052824378,Low Risk
2143,85.63728,14.36272,30.0,84.0,0.19031064,0.24057095,1.2371483e-33,0.1436272,Low Risk
2147,70.87224,29.127762,18.181818181818183,95.45454545454545,0.43267757,0.41046146,0.03069375,0.29127762,Low Risk
2148,92.766014,7.233983,18.0,46.0,0.10213291,0.114886135,4.4600836e-07,0.07233983,Low Risk
2149,74.25497,25.745033,17.647058823529413,64.70588235294117,0.37036392,0.35522157,0.04676555,0.25745034,Low Risk
2150,21.423132,78.576866,43.333333333333336,71.66666666666667,0.93790984,0.95178515,0.46761113,0.7857687,High Risk
2151,75.775604,24.224396,27.27272727272727,81.81818181818181,0.30724767,0.41948426,5.4322654e-11,0.24224396,Low Risk
2153,81.98226,18.01774,0.0,71.42857142857143,0.2629373,0.17582084,0.101774104,0.1801774,Low Risk
2155,88.512405,11.487599,20.0,63.74999999999999,0.17057438,0.17386235,0.00019125434,0.114875995,Low Risk
2156,72.87558,27.12442,6.0,45.0,0.5448556,0.26846796,0.00040909302,0.2712442,Low Risk
2157,92.519104,7.4808965,4.0,60.00000000000001,0.037959218,0.09375126,0.09271642,0.07480896,Low Risk
2158,85.223816,14.776184,16.0,52.0,0.26214227,0.18114188,1.3366512e-06,0.14776184,Low Risk
2160,82.326324,17.67368,10.0,62.5,0.24129991,0.28891048,5.886972e-14,0.17673679,Low Risk
2161,76.44993,23.550074,16.0,46.0,0.13862854,0.14445132,0.42342237,0.23550074,Low Risk
2163,59.952236,40.047764,0.0,35.0,0.17768136,0.07614167,0.94760984,0.40047765,Moderate Risk
2165,18.127584,81.87241,13.333333333333334,68.33333333333333,0.9590118,0.9509803,0.54618025,0.81872416,High Risk
2166,92.901215,7.098779,8.0,40.0,0.049474988,0.052108236,0.111380145,0.07098779,Low Risk
2167,89.06165,10.938347,16.0,61.0,0.14873888,0.11881122,0.0606003,0.10938347,Low Risk
2168,75.67317,24.326832,60.0,100.0,0.38863146,0.34117353,1.09401525e-16,0.24326833,Low Risk
2172,20.158274,79.84173,40.0,100.0,0.97243875,0.9694128,0.45340025,0.79841727,High Risk
2173,84.09934,15.900658,0.0,66.66666666666667,0.21982515,0.22770941,0.02948518,0.15900658,Low Risk
2174,41.42668,58.57332,54.54545454545454,86.36363636363636,0.7495239,0.84521794,0.16245772,0.5857332,Moderate Risk
2175,71.43214,28.567865,35.294117647058826,58.823529411764696,0.40697232,0.43393624,0.016127393,0.28567865,Low Risk
2176,79.42956,20.570438,0.0,64.70588235294117,0.29580715,0.31358096,0.0077250013,0.20570438,Low Risk
2180,96.12021,3.8797908,8.51063829787234,32.97872340425532,0.05516703,0.061225835,8.591869e-07,0.038797908,Low Risk
2181,29.889465,70.110535,16.666666666666664,60.0,0.8244444,0.82159674,0.4572749,0.70110536,High Risk
2183,94.79266,5.2073345,0.0,67.64705882352942,0.07904006,0.03643598,0.040743995,0.052073345,Low Risk
2185,90.51431,9.485686,12.0,48.00000000000001,0.112035096,0.17253551,1.7236246e-12,0.094856866,Low Risk
2186,50.345493,49.654503,17.391304347826086,84.78260869565217,0.76963156,0.6933059,0.02669759,0.49654505,Moderate Risk
2189,78.28104,21.718962,10.0,55.00000000000001,0.17239767,0.24558146,0.23358971,0.21718961,Low Risk
2192,99.40426,0.5957421,12.0,46.0,0.006584236,0.011270367,1.7658835e-05,0.005957421,Low Risk
2193,87.2675,12.732498,7.142857142857142,50.0,0.25063953,0.13133541,1.3877611e-08,0.12732498,Low Risk
2194,90.37198,9.628021,6.0,57.00000000000001,0.07168236,0.2171583,1.7885773e-12,0.09628022,Low Risk
2195,87.3152,12.684796,5.0,57.49999999999999,0.23182295,0.14101006,0.007710909,0.12684797,Low Risk
2196,74.45522,25.544771,11.76470588235294,47.05882352941176,0.3674688,0.3727673,0.026106989,0.25544772,Low Risk
2197,86.678604,13.321394,13.793103448275861,41.379310344827594,0.25055522,0.13992687,0.009159755,0.13321394,Low Risk
2199,89.84881,10.151192,4.0,34.0,0.16154595,0.1429898,0.0,0.10151192,Low Risk
2201,71.05503,28.944965,15.0,53.75,0.19477326,0.646451,0.027124772,0.28944966,Low Risk
2202,85.39054,14.609462,14.000000000000002,77.0,0.16681314,0.27147073,4.5388698e-34,0.14609462,Low Risk
2204,70.7029,29.297096,6.25,37.5,0.42036068,0.43543202,0.023120137,0.29297096,Low Risk
2206,88.229904,11.770101,22.0,59.00000000000001,0.07552977,0.103607416,0.17396583,0.117701,Low Risk
2207,88.99841,11.00159,4.0,32.00000000000001,0.19930074,0.12154131,0.009205678,0.1100159,Low Risk
2208,93.423996,6.5760098,26.0,83.0,0.13090184,0.06637845,1.047411e-31,0.0657601,Low Risk
2209,22.606546,77.393456,13.333333333333334,68.33333333333333,0.90776944,0.9552174,0.45881677,0.77393454,High Risk
2210,85.98749,14.012514,26.08695652173913,58.69565217391304,0.16406809,0.22699365,0.029313717,0.14012514,Low Risk
2213,75.65325,24.346745,0.0,57.14285714285714,0.31361505,0.41678727,3.3780437e-11,0.24346745,Low Risk
2215,85.60815,14.391853,12.0,38.0,0.13533457,0.2917228,0.0046982137,0.14391853,Low Risk
2217,51.660217,48.339787,0.0,70.0,0.11565234,0.7956051,0.5389362,0.48339787,Moderate Risk
2218,88.02151,11.978492,14.285714285714285,64.28571428571428,0.2705128,0.08884193,4.271695e-12,0.119784914,Low Risk
2219,84.71073,15.289265,7.5,47.5,0.09292571,0.28750202,0.078250214,0.15289265,Low Risk
2220,84.64227,15.357725,6.451612903225806,43.54838709677419,0.32919067,0.0981672,0.033373855,0.15357725,Low Risk
2222,70.37765,29.622353,18.181818181818183,81.81818181818181,0.43267623,0.41042724,0.04556711,0.29622352,Low Risk
2227,49.56861,50.43139,26.666666666666668,76.66666666666667,0.2592875,0.3029754,0.9506788,0.5043139,Moderate Risk
2228,87.06525,12.934759,17.857142857142858,60.71428571428572,0.16983469,0.19951548,0.018692601,0.1293476,Low Risk
2229,51.19616,48.803844,28.57142857142857,100.0,0.28005674,0.19206332,0.9919953,0.48803845,Moderate Risk
2232,84.853935,15.146065,6.0,31.0,0.29618898,0.15819298,7.321029e-27,0.15146065,Low Risk
2234,63.893402,36.1066,10.0,56.25,0.2935041,0.66868544,0.12100853,0.361066,Moderate Risk
2236,94.47786,5.522145,2.0,28.000000000000004,0.09268435,0.07297051,9.481204e-06,0.05522145,Low Risk
2237,17.447,82.553,30.0,93.33333333333333,0.9834237,0.9469468,0.5462193,0.82553,High Risk
2238,96.14772,3.852276,6.382978723404255,32.97872340425532,0.084776536,0.023413084,0.00737866,0.03852276,Low Risk
2241,88.1039,11.896104,17.5,75.0,0.16032343,0.19655968,0.0,0.118961036,Low Risk
2242,89.25666,10.743338,0.0,18.18181818181818,0.019631585,0.010599768,0.29206878,0.10743338,Low Risk
2243,82.843544,17.15646,18.51851851851852,51.85185185185186,0.22619,0.28260255,0.0059012594,0.1715646,Low Risk
2245,90.34199,9.658012,10.0,58.00000000000001,0.1720928,0.11764753,6.671101e-08,0.096580125,Low Risk
2247,97.99613,2.0038645,9.30232558139535,30.23255813953488,0.044265,0.015850939,1.9093347e-12,0.020038646,Low Risk
2249,80.684586,19.315416,10.0,52.0,0.4848171,0.094645366,0.0,0.19315416,Low Risk
2250,98.74286,1.2571372,6.0,43.0,0.01659692,0.019876454,0.0012407404,0.012571372,Low Risk
2251,55.92456,44.07544,20.0,64.0,0.568613,0.7201599,0.033490267,0.44075438,Moderate Risk
2252,83.5237,16.476305,24.489795918367346,63.26530612244898,0.2043736,0.28991553,0.0,0.16476305,Low Risk
2253,67.02691,32.97309,12.0,58.00000000000001,0.4622547,0.5269341,3.9898073e-06,0.32973093,Moderate Risk
2255,77.41401,22.585989,28.000000000000004,72.0,0.3333281,0.3442516,5.740187e-19,0.2258599,Low Risk
2258,47.13074,52.86926,20.0,66.66666666666666,0.52656424,0.69389725,0.36561632,0.5286926,Moderate Risk
2261,75.64564,24.354362,0.0,33.333333333333336,0.31371427,0.4169166,4.63314e-09,0.24354362,Low Risk
2263,87.67734,12.322663,6.0,24.0,0.2144336,0.1552463,1.0681037e-09,0.123226635,Low Risk
2264,80.64452,19.355474,24.0,59.0,0.29790643,0.08565181,0.19710599,0.19355474,Low Risk
2265,85.804634,14.195366,4.0,36.0,0.23952594,0.18633507,1.4544916e-23,0.14195366,Low Risk
2266,89.602486,10.397514,10.0,64.99999999999999,0.07944046,0.05594648,0.17653847,0.10397514,Low Risk
2267,89.78383,10.216168,0.0,28.57142857142857,0.18599603,0.120489016,1.9709066e-11,0.10216168,Low Risk
2272,60.202374,39.797626,24.0,67.0,0.42537287,0.7685513,4.612295e-06,0.39797628,Moderate Risk
2273,74.05347,25.946531,28.57142857142857,50.0,0.3807066,0.39768934,1.03113025e-10,0.2594653,Low Risk
2274,92.01343,7.986577,3.571428571428571,39.28571428571429,0.1318042,0.1012759,0.0065172147,0.07986577,Low Risk
2276,97.8315,2.1685054,4.0,43.99999999999999,0.038314406,0.017078007,0.009662748,0.021685055,Low Risk
2277,26.880867,73.11913,6.666666666666667,73.33333333333334,0.8368136,0.9139273,0.44283283,0.73119134,High Risk
2278,79.69666,20.303337,0.0,50.0,0.009105477,0.061626315,0.5383683,0.20303337,Low Risk
2280,89.999115,10.000882,20.0,58.00000000000001,0.10880293,0.19122353,2.626806e-19,0.10000882,Low Risk
2284,52.729763,47.270237,35.294117647058826,70.58823529411764,0.64580923,0.73947287,0.032824997,0.47270235,Moderate Risk
2285,94.33136,5.66864,8.88888888888889,32.22222222222222,0.07236742,0.09214481,0.005546976,0.0566864,Low Risk
2287,89.97976,10.020239,20.0,35.0,0.033714086,0.046198677,0.22069441,0.10020239,Low Risk
2290,89.27347,10.726532,2.0,19.0,0.019415922,0.01954437,0.28283563,0.107265316,Low Risk
2291,89.928696,10.071308,14.000000000000002,58.00000000000001,0.16923404,0.13168575,0.0012194901,0.10071308,Low Risk
2292,65.425285,34.574707,0.0,70.0,0.18632582,0.8098945,0.04102088,0.34574708,Moderate Risk
2293,75.201866,24.798132,28.000000000000004,59.0,0.2856002,0.4583438,2.755006e-16,0.24798132,Low Risk
2294,81.01217,18.98783,13.157894736842104,53.94736842105263,0.2479614,0.3216735,0.0,0.1898783,Low Risk
2296,99.040405,0.95959467,0.0,20.0,0.020405907,0.008324268,5.7662703e-05,0.009595946,Low Risk
2299,58.332348,41.667652,11.11111111111111,63.888888888888886,0.24211605,0.49039528,0.5175182,0.41667652,Moderate Risk
2300,82.491844,17.508156,14.285714285714285,71.42857142857143,0.25578058,0.26946416,0.0,0.17508157,Low Risk
2301,96.39074,3.6092644,0.0,0.0,0.046470657,0.034439556,0.027367722,0.036092643,Low Risk
2303,88.59577,11.404227,18.0,55.00000000000001,0.13249049,0.20154634,0.008089995,0.114042275,Low Risk
2304,96.235016,3.7649815,0.0,24.0,0.064177945,0.048684623,8.687602e-05,0.037649814,Low Risk
2306,19.636839,80.36316,40.0,80.0,0.97310764,0.9799354,0.45785183,0.8036316,High Risk
2309,39.72501,60.27499,13.636363636363635,68.18181818181819,0.95225424,0.85599536,5.2409927e-27,0.6027499,Moderate Risk
2311,90.24289,9.757112,0.0,11.111111111111112,0.16722918,0.109539665,0.015944498,0.09757111,Low Risk
2314,72.25793,27.742073,26.0,81.0,0.38261205,0.44943666,0.00021349169,0.27742073,Low Risk
2315,93.60938,6.3906217,4.0,37.0,0.06361012,0.12810837,1.7089405e-07,0.063906215,Low Risk
2316,32.46104,67.538956,10.0,53.333333333333336,0.6938531,0.8646162,0.46769965,0.6753896,Moderate Risk
2317,69.18806,30.811941,40.0,80.0,0.3324865,0.32384706,0.2680247,0.30811942,Moderate Risk
2318,83.00039,16.999615,18.181818181818183,90.9090909090909,0.26660755,0.24338084,8.935163e-12,0.16999614,Low Risk
2320,51.563133,48.43687,10.0,37.0,0.09480269,0.35843062,0.9998729,0.4843687,Moderate Risk
2323,81.127945,18.872059,10.0,60.0,0.22613426,0.29241958,0.04760793,0.18872058,Low Risk
2325,71.77991,28.220097,0.0,70.0,0.45645067,0.2272312,0.16292106,0.28220096,Low Risk
2326,84.858696,15.141304,5.88235294117647,58.82352941176471,0.18931271,0.18158929,0.08333712,0.15141304,Low Risk
2327,43.480515,56.519485,28.000000000000004,72.0,0.27943882,0.4161575,0.9999882,0.56519485,Moderate Risk
2329,89.13957,10.860432,7.894736842105263,40.789473684210535,0.18160333,0.08597799,0.058231633,0.10860431,Low Risk
2330,83.1318,16.868202,0.0,72.72727272727273,0.26666954,0.1884374,0.05093909,0.16868202,Low Risk
2331,99.05861,0.9413884,2.0,50.0,0.017272117,0.010481582,0.00048795086,0.009413884,Low Risk
2333,88.91133,11.088672,2.0,47.0,0.12426597,0.20839415,0.0,0.110886715,Low Risk
2334,99.26598,0.73401743,0.0,24.0,0.012403641,0.009520629,9.62521e-05,0.007340174,Low Risk
2336,83.3205,16.679495,3.3333333333333335,31.666666666666664,0.022646649,0.028086351,0.4496518,0.16679494,Low Risk
2338,90.958694,9.04131,10.0,67.5,0.09994201,0.08486193,0.08643538,0.0904131,Low Risk
2342,95.133835,4.8661647,10.0,60.0,0.054732364,0.059182234,0.032070342,0.048661646,Low Risk
2343,22.483444,77.516556,13.333333333333334,63.33333333333333,0.9212069,0.85445684,0.5498329,0.77516556,High Risk
2344,17.289639,82.71036,23.076923076923077,88.46153846153845,0.9779292,0.96407187,0.53930986,0.8271036,High Risk
2346,32.208187,67.79182,3.3333333333333335,76.66666666666666,0.71397966,0.8861751,0.43359953,0.67791814,Moderate Risk
2348,92.31057,7.689431,10.0,60.0,0.13729095,0.093391985,1.8881209e-11,0.07689431,Low Risk
2349,78.03218,21.967815,28.000000000000004,64.0,0.23960657,0.41938594,4.1967374e-05,0.21967816,Low Risk
2350,80.44866,19.551334,0.0,36.0,0.014559704,0.018861694,0.55311865,0.19551335,Low Risk
2354,91.288795,8.711204,7.6923076923076925,42.30769230769231,0.03411806,0.041725934,0.18549213,0.08711204,Low Risk
2356,38.925934,61.074066,10.0,70.0,0.4948891,0.7938242,0.5435086,0.61074066,Moderate Risk
2357,46.4452,53.5548,26.0,97.00000000000001,0.8097325,0.7914549,0.0054564616,0.535548,Moderate Risk
2359,49.854965,50.145035,10.0,60.0,0.3135932,0.41673198,0.7740258,0.50145036,Moderate Risk
2362,86.47454,13.525462,0.0,58.82352941176471,0.22462508,0.12823145,0.052907355,0.13525462,Low Risk
2363,93.97086,6.0291324,4.878048780487805,30.487804878048784,0.097504005,0.08336936,6.1111825e-07,0.060291324,Low Risk
2365,71.03224,28.967766,16.0,46.0,0.4795739,0.3600637,0.029395279,0.28967765,Low Risk
2366,53.774166,46.225834,10.0,48.333333333333336,0.2333645,0.6088687,0.5445419,0.46225834,Moderate Risk
2367,73.23582,26.764185,18.0,65.0,0.48867697,0.31424856,0.0,0.26764184,Low Risk
2368,49.31986,50.68014,13.333333333333334,60.0,0.24736881,0.73415995,0.53887546,0.5068014,Moderate Risk
2369,80.51987,19.480131,11.11111111111111,35.18518518518518,0.29075903,0.28853974,0.0051052216,0.19480132,Low Risk
2370,16.416126,83.58387,40.0,98.33333333333333,0.97470284,0.9812942,0.55151916,0.83583874,High Risk
2371,95.852936,4.147067,0.0,17.5,0.02345436,0.05728145,0.043676198,0.04147067,Low Risk
2376,88.66596,11.33404,8.0,38.0,0.21628025,0.12250897,0.0012319661,0.1133404,Low Risk
2377,81.80219,18.197803,12.5,65.625,0.31857947,0.1775954,0.049759224,0.18197803,Low Risk
2378,59.90932,40.090675,13.333333333333334,48.333333333333336,0.6449133,0.5509911,0.006815777,0.40090677,Moderate Risk
2380,34.987633,65.01237,18.75,65.625,0.7184414,0.77733374,0.45459574,0.65012366,Moderate Risk
2381,98.3702,1.6298023,12.0,34.0,0.017081002,0.030229751,0.0015833165,0.016298024,Low Risk
2383,85.53095,14.469046,9.090909090909092,36.36363636363637,0.22549875,0.2059271,0.0026454923,0.14469045,Low Risk
2384,60.090412,39.909588,16.0,61.0,0.50642526,0.6908623,3.9896286e-10,0.39909586,Moderate Risk
2385,72.07228,27.927717,0.0,88.0,0.41041127,0.4274202,0.0,0.27927718,Low Risk
2387,82.6762,17.3238,6.0,40.0,0.29438198,0.22503208,0.0002999084,0.173238,Low Risk
2388,55.494713,44.505287,10.0,53.333333333333336,0.26461434,0.526256,0.5442882,0.44505286,Moderate Risk
2390,37.00992,62.99008,13.333333333333334,58.33333333333333,0.61663395,0.81693095,0.45613757,0.6299008,Moderate Risk
2391,88.45155,11.548447,10.0,50.0,0.016942639,0.018849462,0.3106613,0.11548447,Low Risk
2392,54.279316,45.72068,17.5,70.0,0.7235802,0.64804006,2.0594243e-07,0.45720682,Moderate Risk
2394,31.407166,68.592834,0.0,76.66666666666666,0.6431582,0.87316376,0.54146314,0.68592834,Moderate Risk
2395,98.05441,1.9455923,0.0,40.0,0.014487028,0.036750227,0.0071305106,0.019455923,Low Risk
2397,40.03508,59.96492,0.0,66.66666666666667,0.47093743,0.7934886,0.53452164,0.5996492,Moderate Risk
2398,95.87021,4.129789,6.0,59.00000000000001,0.058807526,0.0649035,0.00018265376,0.04129789,Low Risk
2401,61.353146,38.646854,12.0,49.0,0.7738856,0.37970752,0.0058125095,0.38646853,Moderate Risk
2402,94.51275,5.487252,2.380952380952381,34.523809523809526,0.0727591,0.08899394,0.0028645422,0.054872524,Low Risk
2404,40.114677,59.885323,20.0,85.0,0.8115456,0.8935947,0.09141939,0.59885323,Moderate Risk
2406,83.665886,16.334112,0.0,63.63636363636363,0.2024657,0.14614268,0.14141501,0.16334112,Low Risk
2408,76.60373,23.39627,0.0,36.36363636363637,0.314491,0.38739705,2.3646335e-10,0.2339627,Low Risk
2409,89.51906,10.480941,22.0,60.0,0.21263123,0.10178406,1.2955962e-05,0.10480941,Low Risk
2410,19.405096,80.5949,46.666666666666664,100.0,0.97007346,0.9799394,0.46783432,0.80594903,High Risk
2411,64.62758,35.37242,9.090909090909092,66.66666666666667,0.24353343,0.77669126,0.04094794,0.3537242,Moderate Risk
2412,54.421543,45.578457,4.0,30.000000000000004,0.26171172,0.124363884,0.9812781,0.45578456,Moderate Risk
2414,90.21112,9.788882,0.0,38.888888888888886,0.17963932,0.10917663,0.0048505124,0.09788882,Low Risk
2416,74.495125,25.504875,50.0,66.66666666666666,0.34821656,0.4169297,5.448498e-10,0.25504875,Low Risk
2418,83.8636,16.1364,0.0,50.0,0.23202837,0.1651826,0.08688106,0.161364,Low Risk
2419,57.50779,42.492214,0.0,69.23076923076923,0.25110713,0.48006803,0.5435912,0.42492214,Moderate Risk
2425,27.206343,72.793655,10.0,60.0,0.85173905,0.7913376,0.5407332,0.72793657,High Risk
2426,88.07833,11.921665,21.428571428571427,58.92857142857143,0.1780208,0.13995658,0.03967259,0.11921665,Low Risk
2430,43.723602,56.276398,18.181818181818183,50.0,0.7280605,0.80954176,0.1506899,0.562764,Moderate Risk
2431,99.29047,0.70953107,0.0,6.000000000000003,0.011870429,0.009322464,9.30394e-05,0.007095311,Low Risk
2432,77.967476,22.032524,26.0,49.0,0.39766383,0.22862515,0.03468677,0.22032525,Low Risk
2441,52.558445,47.44156,24.0,85.0,0.68978626,0.69986343,0.033597145,0.47441557,Moderate Risk
2442,93.152596,6.8474083,13.333333333333334,51.11111111111111,0.088605285,0.11681696,1.6165052e-15,0.068474084,Low Risk
2443,93.53811,6.461892,18.0,53.0,0.09222076,0.10163593,7.0556084e-08,0.06461892,Low Risk
2444,74.31325,25.686752,10.0,55.00000000000001,0.22427005,0.44993898,0.09639358,0.25686753,Low Risk
2445,95.90108,4.0989194,8.0,38.0,0.049128816,0.07383877,0.0,0.040989194,Low Risk
2447,22.985489,77.01451,6.666666666666667,83.33333333333334,0.90087897,0.9607107,0.44884562,0.7701451,High Risk
2451,66.09663,33.903374,14.285714285714285,78.57142857142857,0.44401145,0.5730898,1.9837229e-10,0.33903375,Moderate Risk
2452,94.44076,5.559241,12.0,41.0,0.1152635,0.05151373,0.0,0.055592407,Low Risk
2453,96.247986,3.7520115,0.0,54.54545454545454,0.08329224,0.029268108,3.5299811e-28,0.037520114,Low Risk
2454,40.92024,59.07976,6.666666666666667,73.33333333333334,0.43474323,0.8987777,0.4388718,0.5907976,Moderate Risk
2458,64.09502,35.90498,14.000000000000002,41.0,0.053987533,0.116619974,0.9065419,0.3590498,Moderate Risk
2461,89.54167,10.458324,7.142857142857142,37.5,0.17529514,0.13750665,0.00094796217,0.10458324,Low Risk
2462,32.32172,67.678276,0.0,69.23076923076923,0.7171315,0.7779372,0.53527975,0.6767828,Moderate Risk
2463,93.652725,6.3472776,10.526315789473683,34.210526315789465,0.036435522,0.025232939,0.12874986,0.06347278,Low Risk
2464,90.81726,9.182742,18.51851851851852,33.33333333333333,0.16547468,0.10329599,0.00671159,0.09182742,Low Risk
2465,93.629715,6.370281,8.0,52.0,0.10199584,0.08911261,0.0,0.063702814,Low Risk
2466,16.759317,83.240685,56.666666666666664,101.66666666666666,0.971326,0.97522926,0.55066514,0.8324068,High Risk
2467,93.829666,6.1703324,0.0,54.54545454545454,0.040328063,0.018642623,0.12613928,0.061703324,Low Risk
2469,73.60232,26.397682,10.0,35.0,0.06981136,0.26430824,0.45781085,0.2639768,Low Risk
2474,68.35424,31.64576,0.0,57.00000000000001,0.026487002,0.20420797,0.7186778,0.3164576,Moderate Risk
2476,34.555824,65.444176,26.666666666666668,88.33333333333333,0.9802466,0.98307866,1.229647e-07,0.6544418,Moderate Risk
2477,89.28398,10.716016,0.0,53.125,0.20362319,0.1178565,8.024772e-07,0.10716016,Low Risk
2478,85.24855,14.751448,0.0,31.000000000000007,0.24285567,0.19941169,0.00027605367,0.14751448,Low Risk
2480,73.4499,26.550106,10.0,55.00000000000001,0.37400988,0.33572707,0.08676616,0.26550105,Low Risk
2484,88.888664,11.111336,0.0,12.0,0.22261271,0.11072737,4.3600847e-09,0.11111336,Low Risk
2485,18.518894,81.4811,0.0,93.33333333333333,0.9446292,0.96033865,0.5394655,0.81481105,High Risk
2487,93.72244,6.27756,4.0,50.0,0.10152271,0.08661258,0.00019152151,0.062775604,Low Risk
2489,18.934292,81.06571,16.666666666666664,61.66666666666667,0.9276212,0.9591447,0.5452054,0.8106571,High Risk
2490,88.34804,11.651964,34.0,66.0,0.113921106,0.23563781,3.1103517e-10,0.11651964,Low Risk
2491,83.94887,16.051132,36.36363636363637,81.81818181818181,0.23734899,0.13089345,0.11329158,0.16051133,Low Risk
2492,83.10233,16.897665,0.0,70.0,0.20482859,0.12176915,0.1803322,0.16897665,Low Risk
2495,96.75073,3.2492633,12.0,37.0,0.020551391,0.023838418,0.0530881,0.032492634,Low Risk
2498,90.59215,9.407852,0.0,90.9090909090909,0.16024885,0.12198673,1.8968707e-11,0.09407852,Low Risk
2499,88.20095,11.7990465,5.263157894736842,63.1578947368421,0.208111,0.13169125,0.014169129,0.117990464,Low Risk
2501,95.02716,4.9728403,6.0,35.0,0.087567635,0.061617583,5.006005e-29,0.049728405,Low Risk
2502,77.42671,22.573286,4.0,33.0,0.038049586,0.034009974,0.605139,0.22573286,Low Risk
2504,67.19643,32.803574,4.3478260869565215,45.65217391304348,0.048449565,0.118749104,0.81690854,0.32803574,Moderate Risk
2506,98.94709,1.0529073,0.0,47.22222222222222,0.017842812,0.011756455,0.0019879541,0.010529074,Low Risk
2507,81.58573,18.414263,3.3333333333333335,33.333333333333336,0.03754696,0.06625069,0.44863024,0.18414263,Low Risk
2508,19.784212,80.21579,23.333333333333332,80.0,0.9710211,0.9790951,0.45635742,0.8021579,High Risk
2510,97.8676,2.1323981,4.0,24.0,0.011354983,0.048271656,0.0043453067,0.02132398,Low Risk
2513,93.46658,6.5334163,2.0,42.00000000000001,0.09330132,0.097909,0.0047921576,0.06533416,Low Risk
2517,95.03909,4.9609075,7.4074074074074066,51.85185185185185,0.06447385,0.07085042,0.013502951,0.049609076,Low Risk
2519,90.08695,9.913046,10.0,45.0,0.19366974,0.10339158,0.00033007184,0.09913046,Low Risk
2520,72.69601,27.303991,8.333333333333332,95.83333333333333,0.32780436,0.4164361,0.074879296,0.2730399,Low Risk
2522,55.466507,44.533493,0.0,74.19354838709677,0.1613976,0.65736604,0.5172412,0.4453349,Moderate Risk
2523,68.29107,31.708935,4.0,52.0,0.056557357,0.054243837,0.84046686,0.31708935,Moderate Risk
2525,80.80242,19.197577,16.0,51.0,0.27856636,0.29736096,0.0,0.19197577,Low Risk
2526,52.23198,47.768024,20.833333333333336,72.91666666666667,0.53703237,0.8960084,0.0,0.47768024,Moderate Risk
2528,91.91916,8.08084,16.0,50.0,0.123835616,0.11858958,0.0,0.0808084,Low Risk
2529,68.36811,31.631893,20.0,46.0,0.47626594,0.4720061,0.0006847385,0.31631893,Moderate Risk
2530,22.104841,77.89516,16.666666666666664,70.83333333333333,0.54180044,0.84532416,0.94973016,0.7789516,High Risk
2533,76.606384,23.39362,24.0,67.0,0.42371798,0.27609792,0.0019926766,0.23393619,Low Risk
2534,92.258514,7.7414846,0.0,38.0,0.17252244,0.059706654,1.5446823e-05,0.07741485,Low Risk
2535,86.7728,13.227199,6.0,59.00000000000001,0.121162176,0.21496919,0.06068461,0.13227199,Low Risk
2537,35.4971,64.5029,20.0,78.33333333333334,0.9672472,0.967839,8.918603e-07,0.645029,Moderate Risk
2538,68.049225,31.950771,36.36363636363637,63.63636363636363,0.43260828,0.4068094,0.11910545,0.31950772,Moderate Risk
2539,85.26722,14.732777,14.285714285714285,71.42857142857142,0.1980278,0.24395548,4.3306017e-10,0.14732777,Low Risk
2540,88.11621,11.883789,10.0,27.0,0.097614184,0.25889936,1.10013445e-07,0.11883789,Low Risk
2541,75.65463,24.345367,13.333333333333334,66.66666666666666,0.31371498,0.416646,8.358975e-32,0.24345367,Low Risk
2542,66.04991,33.95009,22.5,81.25,0.23853786,0.69402593,0.08593879,0.33950087,Moderate Risk
2543,17.726166,82.273834,10.0,80.0,0.9567356,0.9684033,0.54307616,0.82273835,High Risk
2544,99.40649,0.59351283,24.0,55.00000000000001,0.004365007,0.013440377,0.0,0.0059351283,Low Risk
2545,82.04734,17.952663,28.000000000000004,63.0,0.29760486,0.20827106,0.032703944,0.17952663,Low Risk
2549,26.46939,73.53061,0.0,76.66666666666666,0.75776374,0.91380584,0.5343486,0.7353061,High Risk
2554,90.65628,9.343719,0.0,60.0,0.08119708,0.04059752,0.15851694,0.09343719,Low Risk
2557,91.318535,8.681463,10.0,39.0,0.13841417,0.122029714,3.745292e-11,0.086814635,Low Risk
2558,21.837711,78.16229,20.0,86.66666666666667,0.9454755,0.95100105,0.44839203,0.7816229,High Risk
2560,63.975502,36.024494,0.0,70.0,0.401668,0.6371638,0.041903052,0.36024496,Moderate Risk
2564,81.37568,18.624325,0.0,30.000000000000004,0.27448493,0.28424487,7.362055e-35,0.18624325,Low Risk
2566,17.464352,82.535645,16.666666666666664,75.0,0.9704389,0.96107006,0.5445603,0.8253565,High Risk
2567,89.557465,10.442539,4.0,36.0,0.19916189,0.1141143,6.73574e-17,0.10442539,Low Risk
2569,89.722275,10.277721,6.0,46.0,0.06505018,0.24328147,4.7985057e-14,0.10277721,Low Risk
2571,88.99761,11.002382,0.0,50.0,0.21155974,0.11851174,3.0221388e-11,0.11002383,Low Risk
2573,94.37997,5.620031,10.0,51.0,0.12322112,0.044877477,0.0005023377,0.05620031,Low Risk
2574,96.86706,3.1329448,3.3333333333333335,43.333333333333336,0.04568278,0.047143474,0.00116209,0.03132945,Low Risk
2576,85.39485,14.605148,0.0,60.0,0.21654063,0.15685666,0.06475715,0.14605148,Low Risk
2577,86.05144,13.948567,4.444444444444445,38.88888888888889,0.23531781,0.18313919,3.5276393e-09,0.13948567,Low Risk
2579,81.95838,18.041615,0.0,38.095238095238095,0.27619576,0.25826097,0.006791713,0.18041615,Low Risk
2580,60.756123,39.243874,30.0,70.0,0.52381355,0.5066792,0.14682336,0.39243874,Moderate Risk
2582,31.733257,68.26675,16.129032258064516,88.70967741935483,0.764078,0.9267206,0.3572037,0.68266743,Moderate Risk
2583,19.262499,80.7375,33.33333333333333,85.00000000000001,0.9812222,0.9815147,0.4593882,0.807375,High Risk
2584,84.01417,15.98583,20.0,43.0,0.21205221,0.2590586,0.008464111,0.1598583,Low Risk
2585,20.698093,79.3019,23.333333333333332,80.0,0.91118383,0.91838855,0.5494847,0.79301906,High Risk
2586,75.24431,24.755693,28.57142857142857,78.57142857142857,0.32575423,0.4169166,6.63616e-09,0.24755694,Low Risk
2587,57.41607,42.583935,20.0,53.333333333333336,0.19094354,0.63448536,0.45208913,0.42583933,Moderate Risk
2588,83.72281,16.277191,10.0,32.00000000000001,0.29629034,0.19202536,3.5855862e-08,0.16277191,Low Risk
2592,83.046,16.953997,0.0,30.000000000000004,0.17820376,0.100311376,0.23010479,0.16953997,Low Risk
2593,67.95334,32.046658,0.0,60.0,0.43266416,0.40991738,0.1188182,0.32046658,Moderate Risk
2594,81.47401,18.525993,18.0,72.0,0.48463628,0.066809855,0.0043336703,0.18525994,Low Risk
2596,53.175102,46.824894,16.0,54.0,0.75197524,0.65277153,1.05525415e-26,0.46824893,Moderate Risk
2598,87.7268,12.273201,0.0,62.5,0.20678437,0.16124827,0.00016339972,0.12273201,Low Risk
2599,92.36157,7.6384315,18.75,59.375,0.1150087,0.096352994,0.017791253,0.07638431,Low Risk
2600,90.916084,9.083918,20.0,50.0,0.17288604,0.0959948,0.0036366882,0.09083918,Low Risk
2601,94.050125,5.9498777,4.0,55.00000000000001,0.15056573,0.027930608,1.3619568e-10,0.059498776,Low Risk
2603,94.05252,5.947483,14.000000000000002,52.0,0.05177674,0.06553032,0.06111743,0.05947483,Low Risk
2604,30.286259,69.713745,8.0,55.00000000000001,0.703067,0.5764218,0.81192356,0.6971374,Moderate Risk
2605,92.36262,7.6373844,12.0,44.0,0.079959355,0.14916219,0.0,0.076373845,Low Risk
2606,96.180855,3.8191423,2.0,35.0,0.074954666,0.039619606,0.0,0.038191423,Low Risk
2607,92.729904,7.2700977,17.647058823529413,55.88235294117647,0.114226244,0.08078413,0.02309257,0.07270098,Low Risk
2608,87.081635,12.918366,8.0,62.000000000000014,0.23143573,0.15611522,3.553858e-08,0.12918366,Low Risk
2613,56.22139,43.77861,0.0,50.0,0.23309496,0.16336738,0.9168959,0.4377861,Moderate Risk
2614,92.98642,7.0135818,12.0,54.0,0.07742788,0.13297915,4.2317768e-07,0.07013582,Low Risk
2621,77.47534,22.524662,10.0,55.00000000000001,0.31053722,0.19685598,0.16834669,0.22524662,Low Risk
2622,78.990326,21.009672,18.181818181818183,38.63636363636363,0.20936772,0.13036305,0.29055938,0.21009672,Low Risk
2627,50.17712,49.82288,14.000000000000002,60.0,0.66478705,0.8278152,0.002084105,0.4982288,Moderate Risk
2629,94.088135,5.911869,0.0,45.45454545454546,0.022497153,0.02656733,0.12829158,0.059118688,Low Risk
2630,63.08707,36.912926,10.0,57.00000000000001,0.5063362,0.5643753,0.036676314,0.36912927,Moderate Risk
2631,82.61971,17.380283,0.0,58.33333333333333,0.28559867,0.18860884,0.047200974,0.17380284,Low Risk
2632,41.127926,58.872074,33.33333333333333,85.00000000000001,0.8840577,0.8814496,0.0006550673,0.58872074,Moderate Risk
2635,40.87359,59.12641,20.0,80.0,0.8619113,0.90897167,0.0029094794,0.5912641,Moderate Risk
2636,83.966,16.033995,0.0,40.0,0.026209582,0.015130387,0.4396799,0.16033995,Low Risk
2645,67.45732,32.54268,0.0,50.0,0.14566031,0.07840697,0.75221306,0.3254268,Moderate Risk
2646,75.64975,24.35025,0.0,71.42857142857143,0.31359103,0.41691643,1.2596522e-10,0.2435025,Low Risk
2647,80.87377,19.12623,28.000000000000004,82.0,0.38734454,0.18644236,2.3400862e-14,0.1912623,Low Risk
2648,21.386497,78.6135,13.333333333333334,73.33333333333334,0.93215585,0.87782925,0.54841983,0.786135,High Risk
2649,83.195045,16.804953,30.0,78.0,0.36880395,0.13523547,0.00010919962,0.16804953,Low Risk
2651,25.47993,74.52007,0.0,87.5,0.8463735,0.8537117,0.53551704,0.7452007,High Risk
2652,83.41027,16.58973,10.0,41.0,0.24593547,0.25175554,8.738256e-07,0.1658973,Low Risk
2653,95.917984,4.0820136,6.0,45.0,0.03875188,0.03965096,0.044057563,0.040820137,Low Risk
2654,44.804234,55.195766,14.000000000000002,77.0,0.82048607,0.803517,0.031869832,0.55195767,Moderate Risk
2657,69.577,30.423,18.0,53.0,0.33393666,0.5787534,0.0,0.30423,Moderate Risk
2658,68.17324,31.82676,27.77777777777778,72.22222222222221,0.39163756,0.5497146,0.013450585,0.31826758,Moderate Risk
2660,83.07235,16.927654,28.000000000000004,76.0,0.24414544,0.26313704,0.00054708676,0.16927654,Low Risk
2661,84.405075,15.594923,0.0,50.0,0.19522673,0.11766156,0.1549594,0.15594923,Low Risk
2662,83.933235,16.066767,0.0,58.33333333333333,0.22168377,0.26031923,1.7386422e-11,0.16066767,Low Risk
2663,82.848694,17.15131,5.555555555555555,41.66666666666667,0.28766322,0.19989736,0.02697873,0.1715131,Low Risk
2664,81.9939,18.006104,46.666666666666664,93.33333333333333,0.257236,0.28294703,0.0,0.18006103,Low Risk
2666,88.455894,11.544103,6.666666666666667,68.33333333333333,0.17992194,0.16550532,0.000895794,0.115441024,Low Risk
2668,43.720848,56.279152,16.129032258064516,66.12903225806451,0.60274744,0.58296037,0.50266665,0.5627915,Moderate Risk
2670,87.76796,12.232042,7.142857142857142,46.42857142857143,0.26196775,0.104993515,0.0,0.12232042,Low Risk
2671,52.51136,47.488644,34.0,65.99999999999999,0.4644771,0.77532303,0.18485928,0.47488645,Moderate Risk
2672,21.252506,78.74749,16.666666666666664,88.33333333333333,0.9731872,0.93813986,0.45109776,0.78747493,High Risk
2676,63.82705,36.172955,27.27272727272727,50.0,0.5505362,0.5346524,2.023511e-11,0.36172953,Moderate Risk
2677,20.637232,79.36277,16.0,70.0,0.6857302,0.79578274,0.89936996,0.7936277,High Risk
2678,97.243935,2.7560668,2.0,26.0,0.048657462,0.033791654,0.0002328917,0.027560668,Low Risk
2684,89.3491,10.650902,16.0,53.0,0.17755708,0.1412303,0.00073967484,0.10650902,Low Risk
2685,21.534824,78.46518,20.0,73.33333333333334,0.91761506,0.9792245,0.45711568,0.78465176,High Risk
2687,95.556465,4.443538,8.0,45.0,0.051074542,0.082231596,0.0,0.044435382,Low Risk
2688,78.412796,21.587204,0.0,13.333333333333334,0.05844916,0.13037328,0.45879364,0.21587203,Low Risk
2689,87.22427,12.775726,0.0,52.94117647058824,0.17826474,0.109205395,0.09580165,0.12775727,Low Risk
2690,63.860703,36.139297,2.0,56.00000000000001,0.21957268,0.27375934,0.59084696,0.36139297,Moderate Risk
2692,95.83388,4.166124,8.0,30.0,0.08303874,0.041930478,1.45071435e-05,0.04166124,Low Risk
2695,19.800455,80.19955,26.666666666666668,80.0,0.97099215,0.97595555,0.4590386,0.80199546,High Risk
2696,89.17376,10.82624,14.000000000000002,48.00000000000001,0.19082339,0.13396381,0.0,0.1082624,Low Risk
2697,17.555641,82.44436,30.0,80.0,0.95788103,0.9690394,0.5464103,0.8244436,High Risk
2699,92.85725,7.1427503,2.0,31.000000000000007,0.12789413,0.086388364,3.8512762e-10,0.0714275,Low Risk
2700,85.528496,14.471499,12.0,65.0,0.24980752,0.18433745,0.0,0.144715,Low Risk
2701,47.11074,52.88926,30.0,73.75,0.7409693,0.82496035,0.020747993,0.5288926,Moderate Risk
2702,74.83667,25.163332,22.0,53.0,0.292034,0.46286598,1.2782107e-21,0.25163332,Low Risk
2703,71.48425,28.515741,16.0,47.0,0.59018147,0.26528656,4.149803e-06,0.2851574,Low Risk
2704,72.07518,27.924824,38.095238095238095,64.28571428571428,0.44356054,0.3813502,0.012833955,0.27924824,Low Risk
2706,42.642338,57.357662,14.000000000000002,61.0,0.81391644,0.8618729,0.044940624,0.5735766,Moderate Risk
2707,75.02091,24.979084,10.0,64.99999999999999,0.3526285,0.32393894,0.0728051,0.24979085,Low Risk
2708,44.25959,55.74041,0.0,73.33333333333334,0.38862225,0.84815794,0.4354322,0.5574041,Moderate Risk
2709,21.993917,78.00608,35.0,68.75,0.8262955,0.90071803,0.6131689,0.7800608,High Risk
2710,71.895706,28.10429,28.000000000000004,60.00000000000001,0.32997555,0.51315314,1.3655166e-19,0.2810429,Low Risk
2711,45.129997,54.870003,16.666666666666664,66.66666666666667,0.50501555,0.77299637,0.36808813,0.54870003,Moderate Risk
2715,91.5666,8.433401,0.0,23.0,0.14859957,0.10410494,0.00029750544,0.08433401,Low Risk
2717,92.43844,7.561558,0.0,52.0,0.1438088,0.08303794,4.488873e-16,0.07561558,Low Risk
2718,96.52189,3.4781094,4.0,54.0,0.05947235,0.04487094,0.0,0.034781095,Low Risk
2719,18.89134,81.10866,3.3333333333333335,81.66666666666667,0.9446382,0.9498561,0.5387654,0.8110866,High Risk
2723,89.43392,10.566083,2.0,26.0,0.20687464,0.11006317,4.4659944e-05,0.105660826,Low Risk
2724,93.27206,6.7279468,0.0,42.00000000000001,0.11973894,0.08209947,0.0,0.067279465,Low Risk
2725,98.55702,1.4429771,0.0,7.999999999999999,0.019611109,0.023651954,2.6247377e-05,0.01442977,Low Risk
2726,88.02966,11.970335,4.166666666666666,37.5,0.10237942,0.07786026,0.1788704,0.11970335,Low Risk
2727,60.243954,39.75605,10.0,50.0,0.51157993,0.64828837,0.032813303,0.3975605,Moderate Risk
2728,94.2423,5.757697,12.0,43.0,0.07447429,0.096567295,0.001689326,0.05757697,Low Risk
2729,97.07072,2.9292817,0.0,31.999999999999996,0.039533444,0.048345007,2.6177576e-12,0.029292816,Low Risk
2730,88.4693,11.530705,16.216216216216218,47.2972972972973,0.18866712,0.15725404,0.0,0.115307055,Low Risk
2731,88.51947,11.480527,6.0,48.00000000000001,0.05985144,0.28456438,9.113995e-13,0.11480527,Low Risk
2732,95.58299,4.417011,16.0,44.0,0.07651619,0.055994127,0.0,0.044170108,Low Risk
2733,90.073,9.926998,0.0,43.333333333333336,0.1281724,0.07070657,0.09893097,0.099269986,Low Risk
2734,72.215096,27.78491,20.0,70.0,0.3599303,0.45318747,0.020429559,0.2778491,Low Risk
2736,83.85426,16.145737,0.0,58.00000000000001,0.0975591,0.38466093,0.0021520988,0.16145737,Low Risk
2738,87.012146,12.987854,0.0,57.14285714285714,0.13351868,0.16078597,0.09533094,0.12987854,Low Risk
2745,93.018906,6.9810925,2.0,38.0,0.14385663,0.06557615,1.0851415e-12,0.06981093,Low Risk
2747,45.447586,54.552414,16.666666666666664,69.44444444444444,0.31396055,0.4023625,0.9202493,0.5455241,Moderate Risk
2748,95.39971,4.600284,0.0,65.99999999999999,0.08986542,0.047123384,0.0010197113,0.04600284,Low Risk
2749,31.81476,68.18524,15.384615384615385,42.30769230769231,0.6324774,0.8728,0.54027987,0.6818524,Moderate Risk
2750,54.04854,45.95146,12.5,68.75,0.22911818,0.15327707,0.9961486,0.45951462,Moderate Risk
2755,67.87345,32.12654,10.0,90.0,0.41843832,0.39141008,0.15394787,0.32126543,Moderate Risk
2757,79.77975,20.220251,0.0,73.33333333333334,0.17337394,0.43323362,7.8283936e-17,0.20220251,Low Risk
2759,75.654236,24.345768,42.857142857142854,64.28571428571428,0.3136441,0.41672894,2.4328273e-10,0.24345767,Low Risk
2760,94.93699,5.063011,6.0,45.0,0.07674983,0.07398603,0.0011544867,0.05063011,Low Risk
2761,20.39202,79.60798,43.333333333333336,76.66666666666666,0.9632502,0.9626512,0.46233803,0.7960798,High Risk
2763,94.63447,5.365533,0.0,28.000000000000004,0.03144195,0.1295198,4.2362935e-06,0.053655326,Low Risk
2765,82.2861,17.7139,14.000000000000002,57.00000000000001,0.29205653,0.23923403,0.00012647748,0.177139,Low Risk
2767,48.03167,51.96833,28.57142857142857,78.57142857142857,0.32493067,0.35825634,0.8758628,0.5196833,Moderate Risk
2769,96.46809,3.5319164,6.0,50.0,0.026692973,0.07761013,0.0016543949,0.035319164,Low Risk
2775,91.792336,8.20766,2.0,50.0,0.16044046,0.085600644,0.00018867437,0.082076594,Low Risk
2777,83.94635,16.053654,0.0,50.0,0.27668837,0.17750254,0.027418725,0.16053654,Low Risk
2778,83.57218,16.427813,0.0,88.23529411764706,0.3052611,0.16754782,0.02002544,0.16427812,Low Risk
2779,90.88654,9.113456,20.0,54.0,0.06222017,0.21118347,3.7778847e-08,0.091134556,Low Risk
2784,74.76584,25.234163,2.0,39.0,0.029032974,0.018961983,0.7090299,0.25234163,Low Risk
2787,92.5831,7.416904,7.6923076923076925,60.25641025641026,0.14403461,0.07847244,5.2881575e-08,0.07416904,Low Risk
2788,53.48641,46.51359,16.129032258064516,80.64516129032258,0.69429237,0.70111525,1.03012256e-16,0.4651359,Moderate Risk
2795,76.26011,23.739893,20.0,52.0,0.38421527,0.32784814,0.00013340768,0.23739894,Low Risk
2797,19.09539,80.90461,56.666666666666664,103.33333333333331,0.9814258,0.9836358,0.4620767,0.8090461,High Risk
2799,67.15548,32.844517,16.0,57.00000000000001,0.09576807,0.2583001,0.63126737,0.32844517,Moderate Risk
2800,93.731636,6.2683635,8.0,24.0,0.14915526,0.03889564,7.5662354e-10,0.062683634,Low Risk
2804,90.58408,9.415918,3.571428571428571,44.642857142857146,0.17201374,0.10745401,0.0030097954,0.094159186,Low Risk
2807,87.909904,12.090101,8.0,48.0,0.09270144,0.26974374,0.00025785467,0.12090101,Low Risk
2809,87.60741,12.392591,6.0606060606060606,40.90909090909091,0.23610486,0.114544265,0.02112863,0.12392592,Low Risk
2810,92.94434,7.0556574,0.0,23.0,0.119734466,0.091895565,3.9683826e-05,0.07055657,Low Risk
2811,69.483795,30.516205,18.0,72.0,0.3573421,0.55814403,0.0,0.30516204,Moderate Risk
2812,90.224365,9.775633,6.0,35.0,0.040562082,0.019034568,0.23367232,0.097756326,Low Risk
2815,84.66737,15.332624,20.0,46.0,0.22983891,0.23013286,6.933507e-06,0.15332624,Low Risk
2820,16.708773,83.29123,13.333333333333334,83.33333333333333,0.9748878,0.97730106,0.54654807,0.83291227,High Risk
2821,33.83898,66.16102,16.666666666666664,64.99999999999999,0.63251024,0.8079911,0.5443293,0.6616102,Moderate Risk
2822,55.48618,44.513824,6.666666666666667,63.33333333333333,0.25026226,0.54316133,0.5419912,0.44513825,Moderate Risk
2823,89.93774,10.062267,0.0,58.00000000000001,0.18610595,0.11576207,2.6704442e-18,0.10062268,Low Risk
2824,68.4986,31.501406,16.666666666666664,79.16666666666667,0.4321909,0.4561903,0.056660987,0.31501406,Moderate Risk
2827,92.39165,7.6083565,10.0,20.0,0.054582655,0.031028071,0.14263995,0.07608356,Low Risk
2828,79.54771,20.452295,28.57142857142857,47.61904761904761,0.3167931,0.2646662,0.032109533,0.20452295,Low Risk
2829,96.782974,3.2170308,4.0,32.99999999999999,0.048784707,0.047726214,3.0665501e-09,0.032170307,Low Risk
2831,75.88646,24.11354,12.0,58.00000000000001,0.17298438,0.52859753,0.021824285,0.2411354,Low Risk
2835,68.77669,31.223307,9.090909090909092,45.45454545454546,0.43264872,0.40997598,0.09407451,0.31223306,Moderate Risk
2836,81.62628,18.373714,9.090909090909092,45.45454545454546,0.26690608,0.16570169,0.118603624,0.18373714,Low Risk
2839,59.666016,40.333984,15.0,83.75,0.5146668,0.3594833,0.33586943,0.40333986,Moderate Risk
2841,63.77089,36.229107,24.0,79.0,0.37168592,0.6800228,0.03516453,0.36229107,Moderate Risk
2843,19.280666,80.71934,34.0,72.0,0.776526,0.68405694,0.96099716,0.80719334,High Risk
2849,17.514652,82.48535,40.0,87.99999999999999,0.669377,0.83414304,0.9710405,0.8248535,High Risk
2850,77.0876,22.9124,0.0,68.18181818181819,0.26964566,0.17716864,0.2405577,0.229124,Low Risk
2851,68.07495,31.925053,50.0,104.16666666666667,0.38977727,0.52616304,0.04181129,0.31925052,Moderate Risk
2854,67.142166,32.857834,25.0,55.00000000000001,0.5585471,0.41082552,0.01636234,0.32857832,Moderate Risk
2855,24.278355,75.72165,20.0,80.0,0.8987166,0.92269427,0.4502385,0.75721645,High Risk
2857,81.14251,18.857489,6.25,46.875,0.28066966,0.2787082,0.006346832,0.1885749,Low Risk
2859,89.96979,10.030216,0.0,33.333333333333336,0.19620624,0.10470022,5.530777e-35,0.10030216,Low Risk
2860,88.78354,11.216459,2.5,42.5,0.015616909,0.03046999,0.29040688,0.112164594,Low Risk
2861,16.890478,83.10952,40.0,75.0,0.9648634,0.9804357,0.5479865,0.8310952,High Risk
2863,98.609245,1.3907557,6.0,34.0,0.023116458,0.01860621,1.432894e-10,0.013907556,Low Risk
2866,89.52156,10.47844,6.0,25.0,0.19101715,0.12333608,5.6803097e-14,0.10478441,Low Risk
2867,29.024584,70.97542,36.666666666666664,60.00000000000001,0.79034555,0.87732613,0.46159065,0.70975417,High Risk
2868,84.23048,15.769525,0.0,52.0,0.041572113,0.11050909,0.32100454,0.15769525,Low Risk
2870,19.716812,80.28319,0.0,83.33333333333334,0.9351507,0.93727684,0.53606814,0.8028319,High Risk
2871,77.56673,22.433275,15.384615384615385,61.53846153846154,0.2904427,0.3823029,0.00025268737,0.22433275,Low Risk
2873,71.013084,28.986921,9.090909090909092,45.45454545454546,0.39936364,0.45217428,0.018069666,0.28986922,Low Risk
2874,97.35341,2.6465895,4.0,17.0,0.01861842,0.013806514,0.04697275,0.026465895,Low Risk
2876,98.84185,1.1581459,0.0,56.25,0.0075983834,0.027145995,2.454847e-10,0.011581459,Low Risk
2877,75.65592,24.344074,0.0,42.85714285714286,0.31359816,0.41672406,4.0681753e-11,0.24344075,Low Risk
2879,87.06964,12.930356,11.538461538461538,40.38461538461539,0.18616374,0.1756018,0.02614514,0.12930356,Low Risk
2882,88.742256,11.257746,10.0,72.0,0.1744101,0.16332226,0.0,0.11257746,Low Risk
2883,75.01876,24.981241,45.45454545454545,100.0,0.41436157,0.33507562,2.1413817e-12,0.24981241,Low Risk
2884,42.835213,57.164787,20.0,66.66666666666666,0.8780894,0.83685416,0.0,0.5716479,Moderate Risk
2885,74.575554,25.424444,14.285714285714285,64.28571428571428,0.3462374,0.41649592,1.0212222e-11,0.25424445,Low Risk
2887,81.926254,18.073748,10.0,45.0,0.19485205,0.105107784,0.2422526,0.18073748,Low Risk
2894,82.25923,17.740768,20.0,60.0,0.1811269,0.11497109,0.23612507,0.17740768,Low Risk
2895,97.389175,2.6108286,0.0,18.18181818181818,0.032645144,0.026429784,0.01924993,0.026108285,Low Risk
2897,91.19245,8.807549,0.0,35.29411764705882,0.14134404,0.09615541,0.026727058,0.088075496,Low Risk
2898,94.87667,5.1233306,22.0,57.99999999999999,0.06669294,0.08700695,2.4828909e-08,0.051233307,Low Risk
2899,92.53062,7.469383,8.0,44.0,0.06643118,0.1576503,7.280914e-11,0.07469383,Low Risk
2900,90.57572,9.424275,36.0,78.0,0.13783115,0.14483312,6.400047e-05,0.09424275,Low Risk
2901,26.485056,73.514946,6.666666666666667,71.66666666666667,0.861974,0.89222157,0.45125273,0.73514944,High Risk
2903,70.25485,29.745153,0.0,41.17647058823529,0.3633759,0.5109846,0.017994048,0.29745153,Low Risk
2904,87.87614,12.123864,5.555555555555555,47.22222222222222,0.18872514,0.17499077,0.0,0.12123864,Low Risk
2905,54.594315,45.40569,24.0,52.0,0.2197627,0.37823692,0.764171,0.4540569,Moderate Risk
2906,78.256325,21.743673,19.047619047619047,66.66666666666666,0.22792171,0.41793036,0.0064580874,0.21743673,Low Risk
2907,95.53366,4.466344,10.0,49.0,0.06827636,0.06571395,6.11751e-34,0.04466344,Low Risk
2912,46.26346,53.73654,16.666666666666664,83.33333333333334,0.31403404,0.41630778,0.8817545,0.53736544,Moderate Risk
2914,69.33144,30.668554,32.0,81.0,0.34834993,0.5716685,3.8134334e-05,0.30668554,Moderate Risk
2915,81.51909,18.480917,0.0,78.94736842105263,0.2619696,0.2682506,0.024207301,0.18480916,Low Risk
2919,93.41248,6.5875144,2.7777777777777777,54.16666666666667,0.16943344,0.028191976,2.627555e-36,0.06587514,Low Risk
2921,25.633806,74.366196,33.33333333333333,75.0,0.81188977,0.95271134,0.46638477,0.74366194,High Risk
2922,70.985756,29.014244,0.0,63.33333333333333,0.03130207,0.3987168,0.44040853,0.29014245,Low Risk
2923,95.55293,4.4470644,6.0,28.999999999999996,0.020633407,0.017909024,0.0948695,0.04447064,Low Risk
2925,86.5159,13.484101,20.0,55.00000000000001,0.22100212,0.18352091,0.0,0.13484101,Low Risk
2928,91.702545,8.297459,5.263157894736842,34.210526315789465,0.11976575,0.07470736,0.054450635,0.08297458,Low Risk
2929,99.28118,0.7188195,0.0,24.0,0.011878453,0.009592122,9.400783e-05,0.007188195,Low Risk
2930,89.78803,10.211969,6.0,51.0,0.12816265,0.17819643,3.7790596e-23,0.10211969,Low Risk
2933,85.79167,14.208332,0.0,35.29411764705882,0.25076154,0.15509905,0.02038936,0.14208332,Low Risk
2936,79.63345,20.366549,19.35483870967742,62.903225806451616,0.32340947,0.28758696,5.860602e-13,0.20366548,Low Risk
2938,77.855644,22.144354,18.181818181818183,81.81818181818181,0.37225935,0.2574677,0.034603607,0.22144353,Low Risk
2939,67.3982,32.6018,0.0,54.54545454545454,0.40019467,0.45990095,0.11795846,0.326018,Moderate Risk
2941,75.44617,24.553833,18.181818181818183,31.818181818181817,0.32010236,0.4095423,0.0069703176,0.24553834,Low Risk
2942,66.94863,33.051376,21.951219512195124,58.53658536585367,0.35011533,0.58121514,0.06021081,0.33051375,Moderate Risk
2944,84.29792,15.702083,9.090909090909092,31.818181818181817,0.20728244,0.116028026,0.14775203,0.15702082,Low Risk
2945,76.25116,23.748837,11.11111111111111,69.44444444444444,0.3496855,0.3327088,0.030070832,0.23748837,Low Risk
2948,88.46089,11.539107,11.76470588235294,44.11764705882353,0.20578283,0.1311785,0.009211911,0.115391076,Low Risk
2949,87.0931,12.906897,18.0,57.99999999999999,0.14681312,0.24039367,1.1373222e-07,0.12906897,Low Risk
2952,65.05303,34.946964,10.0,51.66666666666666,0.20470645,0.32340395,0.5202985,0.34946963,Moderate Risk
2953,85.053314,14.946686,23.52941176470588,55.88235294117647,0.18711439,0.21214668,0.049139533,0.14946686,Low Risk
2954,91.22105,8.778952,23.076923076923077,73.07692307692308,0.18046401,0.08290452,7.222958e-11,0.08778951,Low Risk
2956,89.37616,10.623845,10.0,61.0,0.21299505,0.105719574,7.224056e-07,0.10623845,Low Risk
2957,89.87736,10.122638,0.0,43.333333333333336,0.18895832,0.11122294,0.0034978813,0.10122638,Low Risk
2959,91.82722,8.172787,0.0,50.0,0.07919261,0.058189698,0.1078013,0.08172787,Low Risk
2962,75.31185,24.688148,28.57142857142857,66.66666666666666,0.3466896,0.34263098,0.051323906,0.24688148,Low Risk
2963,93.85755,6.1424503,0.0,26.38888888888889,0.109051146,0.074353874,0.00086849806,0.061424505,Low Risk
2964,86.2823,13.717697,5.88235294117647,58.82352941176471,0.21038197,0.18252595,0.018622993,0.13717698,Low Risk
2965,96.081245,3.9187562,4.25531914893617,27.659574468085108,0.054893672,0.06266719,1.8226963e-06,0.03918756,Low Risk
2966,86.32315,13.676845,4.0,53.0,0.25941065,0.082748376,0.06814631,0.13676845,Low Risk
2967,48.943867,51.056133,0.0,66.66666666666667,0.32171923,0.77540207,0.43456277,0.51056135,Moderate Risk
2971,72.5743,27.425701,31.25,53.125,0.40485436,0.41129565,0.0066209855,0.274257,Low Risk
2972,77.57929,22.42071,42.857142857142854,89.28571428571429,0.23600526,0.43655792,5.808557e-05,0.2242071,Low Risk
2974,58.67057,41.32943,14.634146341463413,54.87804878048781,0.3657888,0.71939784,0.15469636,0.41329432,Moderate Risk
2977,87.53729,12.462707,0.0,44.99999999999999,0.2055612,0.16831999,1.0628395e-14,0.12462706,Low Risk
2978,96.25624,3.743763,0.0,34.0,0.060699806,0.051613078,0.0,0.03743763,Low Risk
2982,86.67315,13.326854,10.0,75.0,0.13085242,0.041107934,0.22784524,0.13326854,Low Risk
2984,70.99031,29.009691,9.090909090909092,50.0,0.36328626,0.4491352,0.05786929,0.2900969,Low Risk
2986,44.80369,55.19631,0.0,63.33333333333333,0.33769453,0.7747387,0.5434561,0.5519631,Moderate Risk
2987,76.51576,23.484238,8.333333333333332,62.5,0.12557983,0.15275988,0.42618743,0.23484237,Low Risk
2988,19.339926,80.66007,26.666666666666668,71.66666666666667,0.98450416,0.9761249,0.45917314,0.80660075,High Risk
2990,96.34234,3.6576622,12.5,42.5,0.0734276,0.035898723,0.00040353523,0.03657662,Low Risk
2992,89.74998,10.250024,20.0,61.0,0.25843447,0.049066238,0.0,0.10250024,Low Risk
2995,91.44721,8.552789,38.0,82.0,0.12604803,0.13053495,6.965956e-07,0.08552789,Low Risk
2997,79.7749,20.225096,10.0,29.999999999999993,0.03730651,0.11376635,0.45568004,0.20225096,Low Risk
2999,57.96839,42.03161,45.45454545454545,100.0,0.6381498,0.6042768,0.018521648,0.4203161,Moderate Risk
3000,84.57779,15.4222145,12.0,52.0,0.21790752,0.24475893,0.0,0.15422215,Low Risk
3001,62.40225,37.597748,20.0,55.00000000000001,0.41574204,0.7017128,0.0104776155,0.3759775,Moderate Risk
3004,20.031553,79.968445,46.15384615384615,65.38461538461539,0.8868356,0.9710651,0.5411527,0.79968446,High Risk
3005,96.258965,3.7410383,12.0,44.0,0.0777899,0.03444125,1.2902221e-37,0.037410382,Low Risk
3006,92.737,7.262998,0.0,64.70588235294117,0.121196985,0.096692964,1.1015756e-21,0.07262998,Low Risk
3008,69.6084,30.391602,10.0,60.0,0.43266168,0.41030142,0.06878495,0.303916,Moderate Risk
3009,90.42673,9.573273,0.0,38.333333333333336,0.1582826,0.12478656,0.004129026,0.095732726,Low Risk
3010,21.625011,78.374985,3.3333333333333335,76.66666666666666,0.95249784,0.94995797,0.44879392,0.7837499,High Risk
3011,66.61637,33.38363,6.896551724137931,36.206896551724135,0.06864421,0.08310285,0.8497617,0.3338363,Moderate Risk
3012,76.5288,23.4712,12.5,57.49999999999999,0.20761625,0.4079807,0.08853908,0.234712,Low Risk
3014,95.70396,4.2960463,6.0,40.0,0.017803287,0.012029625,0.099048465,0.04296046,Low Risk
3015,90.586,9.413997,0.0,30.76923076923077,0.17511934,0.102099486,0.005201094,0.09413997,Low Risk
3016,85.5797,14.420305,26.0,64.0,0.31473768,0.1143942,0.0034773133,0.14420305,Low Risk
3018,89.24213,10.757873,18.0,64.0,0.17322993,0.14850742,0.0009988387,0.107578725,Low Risk
3019,72.81727,27.182732,10.0,60.00000000000001,0.31428382,0.48677197,0.014426169,0.2718273,Low Risk
3022,91.15154,8.848456,0.0,54.54545454545454,0.09281545,0.041249476,0.13138877,0.08848456,Low Risk
3024,80.60942,19.39058,0.0,48.0,0.065958284,0.092235215,0.42352387,0.19390579,Low Risk
3025,89.94251,10.057486,6.0,26.0,0.18849993,0.110327095,0.0028975632,0.10057486,Low Risk
3026,70.453606,29.546394,9.090909090909092,45.45454545454546,0.4326775,0.41038045,0.043333914,0.29546395,Low Risk
3028,20.550972,79.44903,26.666666666666668,61.66666666666667,0.9548523,0.96596766,0.4626507,0.7944903,High Risk
3030,98.33346,1.666538,8.0,39.0,0.035108574,0.014887569,2.0408902e-12,0.01666538,Low Risk
3031,85.770226,14.229773,0.0,21.05263157894737,0.22576429,0.13680902,0.064319864,0.14229773,Low Risk
3034,91.910324,8.08968,8.0,39.0,0.1352694,0.10742099,6.555731e-13,0.080896795,Low Risk
3038,47.020714,52.979286,20.0,77.0,0.76883197,0.8013253,0.019221306,0.52979285,Moderate Risk
3040,21.285725,78.71428,20.0,71.66666666666667,0.91844654,0.89480764,0.5481741,0.78714275,High Risk
3041,98.407364,1.5926337,6.0,36.0,0.027230969,0.020268966,0.0002790784,0.015926337,Low Risk
3042,54.16596,45.834038,27.27272727272727,68.18181818181819,0.6767371,0.698284,1.3828353e-09,0.45834038,Moderate Risk
3043,83.52378,16.47622,18.0,48.0,0.27025014,0.22403646,3.180473e-19,0.1647622,Low Risk
3049,89.220184,10.779814,0.0,45.833333333333336,0.21779343,0.063632965,0.04196802,0.10779814,Low Risk
3052,23.266394,76.733604,0.0,86.66666666666667,0.88616556,0.92462,0.49122253,0.7673361,High Risk
3053,81.78118,18.218813,0.0,36.66666666666667,0.034096703,0.06035507,0.45211264,0.18218814,Low Risk
3054,28.309053,71.69095,3.3333333333333335,63.33333333333333,0.6980478,0.91099477,0.5416859,0.71690947,High Risk
3055,97.64615,2.3538508,3.0303030303030303,54.54545454545454,0.040490903,0.029351339,0.0007732836,0.023538508,Low Risk
3056,91.86961,8.130385,19.047619047619047,88.09523809523809,0.12661083,0.117300734,0.0,0.08130386,Low Risk
3057,95.339874,4.6601315,0.0,54.0,0.0420734,0.09773054,0.0,0.046601314,Low Risk
3058,25.49386,74.50614,23.333333333333332,80.0,0.84057826,0.9404091,0.45419675,0.7450614,High Risk
3059,95.69535,4.3046465,0.0,24.0,0.05753191,0.07160748,0.0,0.043046463,Low Risk
3060,79.11119,20.888807,36.36363636363637,84.84848484848484,0.22709683,0.39340603,0.006161381,0.20888807,Low Risk
3062,93.6862,6.3138037,0.0,16.000000000000004,0.16229153,0.024400033,0.002722554,0.06313804,Low Risk
3067,92.80116,7.1988373,10.0,86.25,0.110952385,0.10493508,7.766701e-05,0.071988374,Low Risk
3071,27.834862,72.16514,3.3333333333333335,75.0,0.73465705,0.8951884,0.53510886,0.7216514,High Risk
3072,19.544142,80.45586,53.333333333333336,90.0,0.96992517,0.97817653,0.4655739,0.8045586,High Risk
3073,94.83878,5.161215,0.0,51.28205128205128,0.11477251,0.040063925,1.1614911e-10,0.05161215,Low Risk
3075,81.987305,18.012697,27.27272727272727,81.81818181818181,0.21952158,0.20729145,0.113567896,0.18012698,Low Risk
3077,76.01946,23.98054,30.0,70.0,0.32420334,0.39521283,3.4705591e-12,0.23980539,Low Risk
3082,85.89194,14.10806,0.0,36.36363636363637,0.15847623,0.1296577,0.13510786,0.1410806,Low Risk
3083,66.69526,33.304737,6.0,37.0,0.17608239,0.11211004,0.7109496,0.33304736,Moderate Risk
3087,82.95769,17.042307,0.0,50.0,0.1592555,0.053388737,0.29862493,0.17042308,Low Risk
3089,97.456566,2.543434,2.0,35.0,0.050859157,0.025404068,3.9791634e-05,0.02543434,Low Risk
3090,83.116356,16.88365,0.0,30.000000000000004,0.025549378,0.03249631,0.4484638,0.16883649,Low Risk
3091,81.41492,18.585087,4.0,67.0,0.1746338,0.33679813,0.046120707,0.18585087,Low Risk
3092,16.8833,83.1167,16.666666666666664,71.66666666666667,0.97174245,0.9621534,0.55960506,0.831167,High Risk
3095,96.60811,3.3918903,0.0,34.0,0.029502083,0.07225463,0.0,0.033918902,Low Risk
3096,85.3992,14.600804,18.0,54.0,0.09050131,0.34199038,0.005532454,0.14600804,Low Risk
3097,75.81976,24.18024,0.0,38.333333333333336,0.055782482,0.12595956,0.5436652,0.24180241,Low Risk
3098,43.135365,56.864635,21.052631578947366,67.10526315789474,0.7264524,0.8853549,0.09413181,0.5686464,Moderate Risk
3099,96.33485,3.6651547,2.0,28.000000000000004,0.017423274,0.022124527,0.07040684,0.036651548,Low Risk
3100,41.336365,58.663635,17.5,76.25,0.85975754,0.7428223,0.15732922,0.58663636,Moderate Risk
3101,94.96768,5.0323205,10.0,40.0,0.078431815,0.072422616,0.00011517463,0.050323203,Low Risk
3103,75.47115,24.528845,10.0,85.00000000000001,0.31871688,0.41691524,0.00023323458,0.24528845,Low Risk
3104,95.1758,4.8242044,4.545454545454546,44.31818181818181,0.12013515,0.024590975,5.4714526e-09,0.048242044,Low Risk
3106,22.744583,77.25542,23.333333333333332,56.666666666666664,0.8932149,0.9613116,0.46313593,0.77255416,High Risk
3107,73.778275,26.221731,27.27272727272727,72.72727272727273,0.2327161,0.5539359,4.829695e-30,0.2622173,Low Risk
3109,87.26275,12.737247,3.8461538461538463,34.61538461538461,0.1963636,0.17222396,0.013529865,0.12737247,Low Risk
3110,69.491486,30.508522,16.0,53.0,0.497059,0.41758,0.0006165986,0.3050852,Moderate Risk
3111,82.93666,17.06334,16.0,65.99999999999999,0.21795817,0.293942,1.8695853e-16,0.17063339,Low Risk
3112,26.937157,73.06284,13.333333333333334,73.33333333333334,0.88168395,0.93332595,0.37687534,0.73062843,High Risk
3116,83.86742,16.132587,22.22222222222222,66.66666666666667,0.2539944,0.18027279,0.049710408,0.16132587,Low Risk
3119,90.52539,9.474613,22.0,58.00000000000001,0.09137344,0.19015682,0.002708141,0.094746135,Low Risk
3120,88.1644,11.835603,9.75609756097561,78.04878048780488,0.14950582,0.20556228,0.0,0.11835603,Low Risk
3121,78.10925,21.890749,11.76470588235294,67.64705882352942,0.23761159,0.36995032,0.049160514,0.21890749,Low Risk
3122,97.999695,2.0003023,8.0,46.0,0.035130512,0.02379145,0.0010871027,0.020003023,Low Risk
3125,98.89936,1.1006433,0.0,23.333333333333332,0.016981807,0.013203598,0.002833893,0.011006433,Low Risk
3126,16.612888,83.387115,13.333333333333334,91.66666666666667,0.98325527,0.97412467,0.54423344,0.8338711,High Risk
3127,75.85687,24.143127,9.090909090909092,27.27272727272727,0.308964,0.26813006,0.14719975,0.24143128,Low Risk
3128,75.710205,24.289795,18.181818181818183,54.54545454545454,0.31483012,0.41386375,1.8425471e-11,0.24289794,Low Risk
3129,38.02733,61.97267,2.857142857142857,92.85714285714286,0.653606,0.69058996,0.51498425,0.6197267,Moderate Risk
3130,92.24307,7.7569304,4.761904761904762,33.333333333333336,0.12812538,0.104582526,5.0261902e-11,0.077569306,Low Risk
3131,93.26651,6.733488,12.0,57.00000000000001,0.025979666,0.018014282,0.1580107,0.06733488,Low Risk
3135,93.071754,6.9282494,10.0,46.0,0.15678005,0.05106743,0.0,0.069282494,Low Risk
3136,86.070724,13.929272,35.294117647058826,82.35294117647058,0.22023554,0.1765556,0.021086993,0.13929272,Low Risk
3137,96.21391,3.7860897,2.0,33.0,0.037336152,0.018236754,0.05800978,0.037860896,Low Risk
3138,23.951536,76.04846,25.806451612903224,93.54838709677419,0.94395643,0.893616,0.44388133,0.76048464,High Risk
3140,68.70029,31.299717,50.0,95.0,0.43265727,0.40888542,0.09744876,0.31299716,Moderate Risk
3141,92.34924,7.650754,22.727272727272727,75.0,0.12340337,0.10611925,0.0,0.07650754,Low Risk
3143,45.029377,54.970623,24.242424242424242,90.9090909090909,0.5010461,0.781183,0.36688942,0.5497062,Moderate Risk
3146,97.92248,2.0775216,0.0,38.0,0.039460927,0.022864455,2.6817776e-07,0.020775216,Low Risk
3148,76.33284,23.667162,28.57142857142857,64.28571428571428,0.31105644,0.39895836,1.4035192e-09,0.23667161,Low Risk
3150,54.619015,45.38099,30.0,89.0,0.72821295,0.6332168,0.0,0.4538099,Moderate Risk
3152,78.679825,21.320175,26.0,64.0,0.24608138,0.39349708,2.6782049e-05,0.21320175,Low Risk
3155,71.98765,28.012354,26.0,58.00000000000001,0.43807498,0.40228882,6.810836e-06,0.28012353,Low Risk
3156,55.725636,44.27437,21.62162162162162,67.56756756756756,0.29051453,0.08433835,0.9533782,0.4427437,Moderate Risk
3158,89.54356,10.456446,2.0,29.000000000000004,0.14886285,0.16483052,0.0,0.10456446,Low Risk
3159,87.34941,12.650585,8.0,44.0,0.134121,0.24539655,0.0,0.12650585,Low Risk
3160,99.01535,0.984648,0.0,6.666666666666665,0.014283115,0.012437343,0.0028189835,0.00984648,Low Risk
3161,83.95517,16.04483,16.666666666666664,55.952380952380956,0.24037662,0.24096833,3.260923e-12,0.16044831,Low Risk
3163,89.31689,10.683116,6.521739130434782,56.52173913043479,0.19904271,0.12145075,3.324016e-19,0.106831156,Low Risk
3168,77.41989,22.580109,34.0,69.0,0.14524303,0.53215736,2.8376526e-06,0.2258011,Low Risk
3172,91.110725,8.889276,20.0,30.000000000000004,0.04535126,0.03577423,0.18555278,0.08889276,Low Risk
3174,75.30467,24.695332,16.666666666666664,58.333333333333336,0.32402682,0.4168331,7.492345e-11,0.24695331,Low Risk
3175,64.73433,35.26567,20.0,52.0,0.384242,0.6722003,0.00152787,0.35265672,Moderate Risk
3176,16.746061,83.25394,15.384615384615385,88.46153846153845,0.9823755,0.9753991,0.53984344,0.8325394,High Risk
3178,26.971626,73.02837,0.0,76.66666666666666,0.82197964,0.92751545,0.44135606,0.73028374,High Risk
3179,94.84669,5.153319,3.225806451612903,69.35483870967742,0.07964816,0.073503815,0.0014475907,0.05153319,Low Risk
3180,90.977715,9.022286,10.344827586206897,62.06896551724138,0.09985917,0.10563186,0.06517757,0.090222865,Low Risk
3184,84.18662,15.813373,0.0,47.05882352941176,0.26842797,0.19259563,0.013377592,0.15813373,Low Risk
3185,55.741547,44.258453,20.0,66.0,0.08827771,0.24043775,0.9990381,0.4425845,Moderate Risk
3187,82.94888,17.051117,17.94871794871795,50.0,0.25542066,0.25611284,6.07878e-26,0.17051117,Low Risk
3188,99.27626,0.7237444,0.0,17.0,0.012047059,0.00957029,9.498145e-05,0.0072374437,Low Risk
3189,96.072784,3.9272125,0.0,31.999999999999996,0.05352316,0.06429322,4.1186132e-10,0.039272126,Low Risk
3190,99.06713,0.9328642,0.0,30.000000000000004,0.013703714,0.011484258,0.0027979545,0.009328642,Low Risk
3191,71.31163,28.688374,45.45454545454545,77.27272727272727,0.20689149,0.467402,0.18635774,0.28688374,Low Risk
3194,42.820843,57.179157,14.000000000000002,47.0,0.26970237,0.4467908,0.9988815,0.5717916,Moderate Risk
3196,71.97931,28.020695,18.0,53.0,0.23166777,0.5325912,0.07636185,0.28020695,Low Risk
3197,90.014114,9.985891,9.523809523809524,45.23809523809524,0.19416791,0.09724205,0.008166756,0.09985891,Low Risk
3198,69.722786,30.277216,12.0,52.0,0.4075485,0.47479385,0.025974128,0.30277216,Moderate Risk
3199,86.54428,13.455717,18.181818181818183,86.36363636363636,0.22579657,0.17787494,6.6840217e-10,0.13455717,Low Risk
3200,77.03153,22.968472,0.0,60.71428571428572,0.27292377,0.41613033,5.319969e-10,0.22968471,Low Risk
3201,94.96557,5.0344276,8.0,54.0,0.032607872,0.040763613,0.07766135,0.050344277,Low Risk
3202,75.648926,24.351072,0.0,27.27272727272727,0.31361657,0.41691557,1.3376288e-09,0.24351072,Low Risk
3203,88.60625,11.393756,14.000000000000002,42.0,0.19333316,0.14847952,0.0,0.11393756,Low Risk
3204,77.20517,22.794828,12.0,58.00000000000001,0.3861547,0.2924586,0.005231551,0.2279483,Low Risk
3206,23.618263,76.38174,13.333333333333334,73.33333333333334,0.8971804,0.9368357,0.457436,0.76381737,High Risk
3207,94.06995,5.9300566,4.0,34.0,0.09651874,0.08030359,0.0010793689,0.059300568,Low Risk
3210,75.777695,24.222301,8.0,52.0,0.028426334,0.032508094,0.66573465,0.24222302,Low Risk
3211,15.839392,84.16061,30.434782608695656,61.95652173913043,0.750336,0.77503324,0.9994491,0.8416061,High Risk
3212,97.25351,2.746486,12.0,53.0,0.03435556,0.047455095,0.0005839232,0.02746486,Low Risk
3214,97.111984,2.888009,0.0,56.00000000000001,0.04610764,0.040446706,8.591737e-05,0.02888009,Low Risk
3215,72.93892,27.061085,10.0,75.0,0.38161775,0.3707616,0.059453107,0.27061084,Low Risk
3216,98.98809,1.0119066,6.0606060606060606,45.45454545454546,0.01409683,0.012652631,0.003607737,0.010119067,Low Risk
3221,86.22328,13.776718,0.0,66.66666666666667,0.18999806,0.22330348,0.0,0.13776718,Low Risk
3222,85.7576,14.242406,0.0,68.0,0.23579133,0.1398148,0.051666055,0.14242406,Low Risk
3223,89.36611,10.633883,24.0,69.0,0.22377464,0.09524186,2.7472384e-17,0.106338836,Low Risk
3225,19.720667,80.279335,0.0,76.92307692307692,0.9006638,0.9672139,0.5405024,0.8027933,High Risk
3228,92.741844,7.258153,4.0,47.0,0.10747359,0.110271,2.0770416e-17,0.07258153,Low Risk
3229,62.195362,37.804638,18.0,53.0,0.4097361,0.72440296,0.0,0.37804636,Moderate Risk
3230,54.65274,45.34726,14.285714285714285,75.0,0.18965936,0.19446829,0.9762902,0.4534726,Moderate Risk
3233,91.136406,8.863592,9.523809523809524,59.523809523809526,0.10195782,0.062546864,0.10140309,0.08863592,Low Risk
3236,93.60182,6.3981757,0.0,45.55555555555556,0.12260752,0.06933775,0.0,0.06398176,Low Risk
3238,94.92753,5.07247,2.0,31.999999999999996,0.07166154,0.07970033,0.00081223354,0.0507247,Low Risk
3239,65.09338,34.906616,6.0,63.0,0.4097671,0.636417,0.001014467,0.34906617,Moderate Risk
3240,92.671455,7.328543,17.647058823529413,44.11764705882353,0.07874553,0.08633036,0.054780386,0.07328543,Low Risk
3242,57.58425,42.415752,17.77777777777778,75.55555555555556,0.49061474,0.7818579,6.3300575e-13,0.42415753,Moderate Risk
3243,56.900288,43.099716,14.000000000000002,60.00000000000001,0.584521,0.6665594,0.041911133,0.43099716,Moderate Risk
3246,75.164085,24.835913,13.333333333333334,46.666666666666664,0.3265327,0.39043364,0.028111069,0.24835913,Low Risk
3248,54.363644,45.63636,12.5,81.25,0.29992312,0.23266126,0.8365064,0.4563636,Moderate Risk
3252,62.65509,37.34491,30.0,78.0,0.22961591,0.38882816,0.50190324,0.3734491,Moderate Risk
3254,51.275208,48.724796,21.27659574468085,82.97872340425532,0.67464536,0.6395685,0.14753005,0.48724797,Moderate Risk
3256,98.976326,1.0236721,0.0,40.0,0.016087508,0.011778853,0.0028438033,0.010236721,Low Risk
3257,90.52232,9.4776745,0.0,12.0,0.18032832,0.104001895,4.687604e-12,0.09477674,Low Risk
3258,91.557434,8.442564,10.0,38.0,0.099092335,0.15210286,0.0020817264,0.084425636,Low Risk
3259,89.30056,10.699441,2.857142857142857,65.71428571428571,0.22218639,0.09879683,2.7601183e-16,0.10699441,Low Risk
3260,87.76094,12.239056,27.27272727272727,81.81818181818181,0.16711909,0.20005259,2.6161712e-15,0.12239056,Low Risk
3261,60.331978,39.668022,12.0,59.0,0.54124296,0.64868325,0.000114515584,0.39668024,Moderate Risk
3265,88.3178,11.682202,3.3333333333333335,61.66666666666667,0.18771192,0.13761647,0.025137667,0.11682203,Low Risk
3266,97.54698,2.4530144,0.0,45.12195121951219,0.04089456,0.032695875,0.0,0.024530144,Low Risk
3267,85.629135,14.370865,9.090909090909092,40.90909090909091,0.170226,0.0735105,0.18738945,0.14370865,Low Risk
3268,77.924805,22.075195,0.0,50.0,0.4093964,0.2132503,0.039609164,0.22075196,Low Risk
3270,20.444923,79.55508,0.0,80.0,0.8951147,0.9485576,0.5429799,0.79555076,High Risk
3272,84.47955,15.520446,6.0,36.0,0.19814532,0.26746795,1.446832e-07,0.15520446,Low Risk
3276,94.76727,5.2327304,2.0,43.00000000000001,0.074912265,0.08206585,3.8045678e-06,0.052327305,Low Risk
3279,19.245392,80.75461,26.666666666666668,90.0,0.95546,0.97433555,0.49284258,0.8075461,High Risk
3280,94.117485,5.8825135,2.2222222222222223,60.0,0.052452557,0.12402285,0.0,0.058825135,Low Risk
3284,81.066925,18.933075,0.0,41.666666666666664,0.2377095,0.19397768,0.13630511,0.18933076,Low Risk
3286,53.020943,46.979057,24.0,72.0,0.68806076,0.721311,0.0,0.46979058,Moderate Risk
3288,84.11595,15.884047,0.0,50.0,0.1844704,0.10409385,0.18795712,0.15884046,Low Risk
3289,85.08212,14.917879,0.0,55.00000000000001,0.2696331,0.17501812,0.0028851195,0.14917879,Low Risk
3290,97.52676,2.4732409,0.0,19.0,0.03609367,0.036727127,0.0013764264,0.024732409,Low Risk
3291,86.70907,13.290932,18.0,51.0,0.3244528,0.074251525,2.364117e-05,0.13290931,Low Risk
3292,84.842125,15.157879,18.0,49.0,0.31361803,0.14111832,0.0,0.15157878,Low Risk
3294,16.955202,83.0448,20.0,70.0,0.9816118,0.9515984,0.5581338,0.830448,High Risk
3295,81.225296,18.774698,38.0,68.0,0.20561644,0.35762447,3.5648288e-08,0.18774699,Low Risk
3296,94.34023,5.6597624,8.0,60.00000000000001,0.13111462,0.03867826,0.0,0.056597624,Low Risk
3297,99.12648,0.8735162,0.0,10.0,0.013504405,0.012695371,5.710636e-06,0.008735162,Low Risk
3298,94.38301,5.6169915,0.0,50.0,0.04910488,0.038244866,0.08116001,0.056169916,Low Risk
3299,72.519806,27.480194,18.181818181818183,81.81818181818181,0.27353743,0.40653828,0.14433013,0.27480194,Low Risk
3302,21.173048,78.82695,0.0,80.0,0.892937,0.92923784,0.5426338,0.7882695,High Risk
3303,60.0052,39.994797,16.0,65.99999999999999,0.40979117,0.7900527,2.7412042e-09,0.39994797,Moderate Risk
3305,47.8968,52.1032,16.0,69.0,0.73511237,0.7981368,0.029846732,0.521032,Moderate Risk
3307,75.836716,24.163288,0.0,36.8421052631579,0.31359747,0.41130117,1.0257584e-12,0.24163288,Low Risk
3308,91.53878,8.46122,32.0,82.0,0.1445833,0.06827302,0.040980276,0.0846122,Low Risk
3310,75.72977,24.270237,14.000000000000002,50.0,0.3074066,0.4207005,0.0,0.24270236,Low Risk
3312,81.40332,18.596678,33.33333333333333,78.57142857142857,0.2471449,0.30817237,0.0025830523,0.18596677,Low Risk
3313,51.863647,48.136353,41.66666666666667,108.33333333333333,0.6908774,0.75321317,6.375499e-12,0.48136353,Moderate Risk
3315,92.66637,7.3336306,8.0,41.0,0.08430297,0.13230135,0.0034045875,0.0733363,Low Risk
3316,83.13005,16.86995,33.33333333333333,71.42857142857143,0.16460569,0.23537004,0.10612273,0.16869949,Low Risk
3318,75.356224,24.643772,37.5,78.125,0.35170865,0.30716848,0.080436066,0.24643773,Low Risk
3321,20.150066,79.84994,10.0,83.33333333333334,0.8930466,0.95960784,0.5428435,0.79849935,High Risk
3322,90.13537,9.864629,0.0,28.57142857142857,0.052650742,0.025733188,0.21755494,0.09864629,Low Risk
3323,50.365604,49.634396,33.33333333333333,62.5,0.7002232,0.7888086,1.6168322e-11,0.49634394,Moderate Risk
3326,39.003418,60.996582,20.0,75.0,0.952751,0.8771465,0.0,0.6099658,Moderate Risk
3327,97.54877,2.4512362,2.857142857142857,57.14285714285714,0.018717766,0.040843457,0.013975869,0.024512364,Low Risk
3328,63.575447,36.424553,2.0,40.0,0.052546058,0.09996225,0.94022834,0.36424553,Moderate Risk
3330,93.09847,6.901524,6.0,35.0,0.12005609,0.08698965,5.0319818e-12,0.06901524,Low Risk
3333,85.182,14.817999,20.0,66.0,0.2397196,0.20482035,6.0913424e-32,0.14818,Low Risk
3334,98.1022,1.897797,12.0,45.0,0.029704321,0.027229587,0.0,0.01897797,Low Risk
3335,83.824684,16.17532,13.636363636363635,60.22727272727273,0.20555124,0.27970833,0.0,0.16175319,Low Risk
3336,52.93238,47.067623,14.000000000000002,72.0,0.6290692,0.778416,0.004543467,0.4706762,Moderate Risk
3337,95.13112,4.868883,2.0,64.0,0.07068502,0.075208366,0.00017310554,0.048688833,Low Risk
3339,73.91168,26.088324,9.090909090909092,45.45454545454545,0.34213337,0.29779002,0.1427263,0.26088324,Low Risk
3342,88.84685,11.153148,10.0,37.0,0.0574681,0.09008548,0.18704085,0.11153147,Low Risk
3343,62.74674,37.253258,10.0,61.0,0.4728006,0.6220075,0.022789566,0.37253258,Moderate Risk
3344,88.1656,11.834393,16.666666666666664,44.44444444444444,0.25288224,0.10214955,0.0,0.11834393,Low Risk
3345,80.8753,19.124702,33.33333333333333,93.33333333333333,0.27121657,0.24566893,0.056855578,0.19124703,Low Risk
3349,90.51624,9.483762,5.0,50.0,0.17780179,0.10156612,0.0051449337,0.09483761,Low Risk
3350,19.071453,80.92854,50.0,86.66666666666667,0.98692554,0.9834953,0.45743558,0.80928546,High Risk
3351,76.23016,23.769838,28.57142857142857,92.85714285714286,0.3138321,0.3992631,1.7918084e-11,0.23769839,Low Risk
3352,19.425655,80.57435,43.333333333333336,73.33333333333334,0.9741697,0.983088,0.45997265,0.80574346,High Risk
3355,87.06951,12.930491,13.333333333333334,70.0,0.21909897,0.16808455,0.0007312281,0.12930492,Low Risk
3356,84.04855,15.951441,10.0,75.0,0.2527914,0.13963252,0.08611932,0.15951441,Low Risk
3357,20.184309,79.81569,20.0,81.66666666666667,0.94613993,0.93501836,0.51331246,0.7981569,High Risk
3358,92.36924,7.6307616,12.76595744680851,30.85106382978724,0.11969035,0.10923249,0.0,0.07630762,Low Risk
3359,75.61645,24.383553,27.27272727272727,68.18181818181819,0.31459013,0.41691643,5.4563565e-11,0.24383552,Low Risk
3360,99.1981,0.801905,4.0,16.000000000000004,0.014258418,0.008235338,0.0015633919,0.00801905,Low Risk
3362,91.320305,8.679696,2.0,44.99999999999999,0.12255242,0.13741532,0.00042312214,0.08679696,Low Risk
3363,92.187836,7.812164,4.3478260869565215,56.52173913043479,0.13954931,0.09473,8.561575e-05,0.07812164,Low Risk
3365,75.691605,24.308395,0.0,28.57142857142857,0.31364572,0.41560614,4.933544e-12,0.24308395,Low Risk
3370,86.777596,13.222401,18.0,52.0,0.16417967,0.23158704,0.00090534874,0.13222401,Low Risk
3372,88.880196,11.1198015,4.0,52.0,0.018645445,0.017983312,0.2969653,0.111198016,Low Risk
3373,81.19022,18.809778,0.0,56.666666666666664,0.015464561,0.1075759,0.44125292,0.18809779,Low Risk
3375,98.90747,1.0925268,0.0,36.66666666666667,0.017515186,0.012417112,0.002843506,0.010925268,Low Risk
3376,44.830788,55.169212,31.25,79.6875,0.8606095,0.7929144,0.001552504,0.5516921,Moderate Risk
3379,68.44089,31.559109,15.625,60.9375,0.3526913,0.29123452,0.30284753,0.3155911,Moderate Risk
3380,81.72132,18.278677,0.0,66.66666666666667,0.292444,0.25591636,1.3935194e-12,0.18278678,Low Risk
3382,71.16059,28.839413,31.25,62.5,0.49897978,0.27757338,0.088629216,0.28839412,Low Risk
3385,16.602283,83.39771,20.0,81.66666666666667,0.97642505,0.9818492,0.5436572,0.83397716,High Risk
3386,95.46426,4.535742,3.225806451612903,32.25806451612904,0.09934165,0.034683507,0.0020470894,0.045357417,Low Risk
3387,88.94688,11.053127,14.285714285714285,42.85714285714286,0.20141275,0.13018107,5.4328042e-11,0.11053127,Low Risk
3389,96.25055,3.749446,6.0,28.000000000000004,0.04950115,0.062982224,0.0,0.03749446,Low Risk
3392,45.077293,54.922707,6.666666666666667,64.99999999999999,0.38432148,0.71986747,0.5434922,0.54922706,Moderate Risk
3394,92.21106,7.7889457,12.0,40.0,0.10240304,0.124511614,0.0067537287,0.07788946,Low Risk
3395,93.56389,6.436107,2.0,46.0,0.06933083,0.123750985,1.3948033e-06,0.06436107,Low Risk
3397,74.58893,25.411066,9.090909090909092,54.54545454545454,0.3466622,0.4156698,7.8031237e-10,0.25411066,Low Risk
3399,34.357365,65.64264,0.0,68.33333333333333,0.52980834,0.8948845,0.5445862,0.65642637,Moderate Risk
3404,82.09192,17.908085,5.88235294117647,41.17647058823529,0.24445437,0.13475539,0.15803279,0.17908084,Low Risk
3405,89.02525,10.974745,4.0,58.00000000000001,0.029726354,0.1653487,0.13416728,0.10974745,Low Risk
3406,94.73723,5.262771,7.317073170731707,25.609756097560975,0.09284455,0.06503678,1.8022896e-06,0.052627712,Low Risk
3407,92.95386,7.0461473,12.0,56.00000000000001,0.09506358,0.116320826,1.32099965e-23,0.070461474,Low Risk
3409,75.46625,24.533752,20.0,80.0,0.3196978,0.28424257,0.1320722,0.24533753,Low Risk
3414,44.58458,55.41542,21.875,90.625,0.8006296,0.8612718,0.0005610824,0.5541542,Moderate Risk
3416,81.49123,18.508774,25.0,75.0,0.22979803,0.32330304,0.0021621757,0.18508774,Low Risk
3418,48.90638,51.09362,12.0,74.0,0.24752954,0.2986222,0.98665684,0.5109362,Moderate Risk
3420,87.38617,12.6138315,5.555555555555555,52.77777777777778,0.22456579,0.1538007,4.8488822e-05,0.12613831,Low Risk
3421,77.85337,22.146631,18.181818181818183,63.63636363636365,0.33204612,0.28660452,0.045748267,0.22146632,Low Risk
3422,24.503868,75.49613,26.666666666666668,70.0,0.9105094,0.90673983,0.44763476,0.7549613,High Risk
3423,61.891113,38.108887,22.0,67.0,0.5734024,0.56533307,0.004531091,0.38108888,Moderate Risk
3425,75.655754,24.34425,14.285714285714285,28.57142857142857,0.31360477,0.4167227,8.048032e-09,0.24344249,Low Risk
3428,20.657604,79.34239,43.333333333333336,103.33333333333331,0.9811452,0.9451562,0.4539704,0.79342395,High Risk
3429,89.18356,10.816437,0.0,38.0,0.24956727,0.07492585,5.785358e-09,0.10816437,Low Risk
3430,83.16116,16.838837,0.0,60.0,0.19755098,0.113142096,0.194472,0.16838837,Low Risk
3433,81.64017,18.359835,0.0,77.08333333333333,0.27634466,0.27445045,1.7130244e-13,0.18359835,Low Risk
3436,89.8706,10.129401,0.0,29.000000000000004,0.16195229,0.14192975,0.0,0.10129401,Low Risk
3439,97.46728,2.5327234,14.000000000000002,54.0,0.053141326,0.022840371,4.2077305e-31,0.025327234,Low Risk
3440,78.300735,21.69926,46.0,90.99999999999999,0.29323727,0.35774052,1.6449371e-14,0.2169926,Low Risk
3444,92.37232,7.6276793,2.3255813953488373,55.81395348837209,0.19646952,0.03236081,5.363929e-08,0.076276794,Low Risk
3446,68.36549,31.634506,36.36363636363637,100.0,0.43267757,0.41046146,0.10589611,0.31634507,Moderate Risk
3447,65.54885,34.45115,4.0,56.00000000000001,0.34578136,0.62331235,0.06444078,0.34451148,Moderate Risk
3449,87.62822,12.371777,2.0,34.0,0.23428984,0.13686344,2.4587617e-12,0.12371776,Low Risk
3451,79.75053,20.249474,9.090909090909092,59.09090909090908,0.26887375,0.26739067,0.0712198,0.20249474,Low Risk
3452,63.711285,36.28872,15.384615384615385,80.76923076923077,0.4111157,0.61329395,0.06425189,0.36288717,Moderate Risk
3453,19.475824,80.52418,50.0,85.0,0.9698758,0.97961575,0.4662338,0.80524176,High Risk
3454,73.28307,26.716927,21.428571428571427,42.85714285714286,0.37447688,0.41109553,0.015935445,0.26716927,Low Risk
3455,91.74845,8.251551,16.0,44.0,0.13297166,0.11457487,0.0,0.08251551,Low Risk
3456,77.04262,22.957386,10.0,53.0,0.21372223,0.4747673,0.00023201224,0.22957386,Low Risk
3460,27.810596,72.1894,3.3333333333333335,60.0,0.7366566,0.8844713,0.5445543,0.721894,High Risk
3461,95.30933,4.6906633,8.0,31.999999999999996,0.017736075,0.016624432,0.106359385,0.04690663,Low Risk
3462,99.28552,0.7144799,0.0,10.0,0.011932798,0.009483142,1.8459114e-05,0.0071447995,Low Risk
3464,86.53643,13.463572,18.181818181818183,54.54545454545454,0.2516655,0.15222867,1.2966815e-05,0.13463572,Low Risk
3465,75.47968,24.52032,10.0,55.00000000000001,0.31869617,0.41691345,7.540655e-12,0.24520321,Low Risk
3466,70.55049,29.449507,0.0,31.25,0.4326775,0.4098444,0.040963262,0.29449508,Low Risk
3467,72.06142,27.93858,30.0,64.99999999999999,0.38650927,0.3114082,0.14023994,0.2793858,Low Risk
3468,93.88741,6.112588,0.0,24.999999999999996,0.08992742,0.09272028,0.00072994,0.06112588,Low Risk
3469,98.47347,1.5265301,0.0,32.99999999999999,0.01857988,0.021801796,0.0054142284,0.015265302,Low Risk
3470,69.02906,30.970945,16.0,64.99999999999999,0.45767042,0.46883988,0.0026180323,0.30970946,Moderate Risk
3474,26.916958,73.083046,3.3333333333333335,73.33333333333334,0.7443317,0.904314,0.5438456,0.73083043,High Risk
3475,94.92056,5.079438,0.0,11.111111111111112,0.03526844,0.022685999,0.0944287,0.05079438,Low Risk
3478,88.87995,11.120052,12.0,52.0,0.18787111,0.14573045,0.0,0.11120052,Low Risk
3479,22.900581,77.09942,26.666666666666668,66.66666666666666,0.89173526,0.96749413,0.45375332,0.7709942,High Risk
3481,98.65324,1.3467695,0.0,46.666666666666664,0.022915764,0.014656216,0.0028310998,0.013467695,Low Risk
3482,80.48395,19.51605,30.0,64.99999999999999,0.31339353,0.19190235,0.08018563,0.19516051,Low Risk
3484,19.845217,80.154785,0.0,76.66666666666666,0.9318132,0.9356517,0.53717864,0.8015478,High Risk
3486,92.82645,7.1735563,2.0,36.0,0.020627055,0.021918064,0.17266157,0.07173556,Low Risk
3488,96.35876,3.6412444,8.0,50.0,0.039161026,0.06788667,0.0021896316,0.036412444,Low Risk
3489,90.61273,9.387267,14.000000000000002,41.0,0.17712255,0.10445455,4.0922943e-05,0.093872674,Low Risk
3492,73.87152,26.128477,25.0,54.16666666666667,0.29394746,0.4141409,0.07576589,0.26128477,Low Risk
3493,62.641098,37.358906,27.27272727272727,63.63636363636365,0.45686945,0.5763934,0.087504365,0.37358907,Moderate Risk
3496,92.69553,7.304465,0.0,44.11764705882353,0.12152095,0.08945862,0.008154382,0.07304465,Low Risk
3499,89.39453,10.60547,15.625,65.625,0.19582821,0.122335866,0.0,0.10605469,Low Risk
3501,81.65192,18.348085,0.0,36.36363636363637,0.19054441,0.27302933,0.08686881,0.18348086,Low Risk
3502,90.36832,9.631684,9.090909090909092,47.72727272727273,0.17556922,0.113381304,0.0,0.096316844,Low Risk
3503,22.8324,77.1676,13.333333333333334,68.33333333333333,0.9327752,0.9313981,0.4508547,0.771676,High Risk
3515,75.64557,24.354435,0.0,33.333333333333336,0.3137207,0.41691238,6.367333e-12,0.24354436,Low Risk
3516,29.28465,70.71535,13.333333333333334,63.33333333333333,0.78937745,0.8686065,0.46347633,0.7071535,High Risk
3518,98.426605,1.5733951,6.0,38.0,0.016439555,0.018213922,0.012548377,0.015733952,Low Risk
3520,68.99403,31.005964,0.0,63.63636363636363,0.42299944,0.4633557,0.04382372,0.31005964,Moderate Risk
3521,22.556717,77.44328,36.666666666666664,78.33333333333334,0.97359556,0.96613413,0.38356864,0.77443284,High Risk
3523,53.398716,46.60128,8.0,76.0,0.22193728,0.26703697,0.90906405,0.4660128,Moderate Risk
3524,85.77732,14.222683,20.0,46.0,0.19838984,0.22829068,0.0,0.14222683,Low Risk
3527,78.727325,21.272673,10.0,35.0,0.13972396,0.3198471,0.17860915,0.21272673,Low Risk
3528,43.368034,56.631966,38.88888888888889,102.77777777777777,0.29886416,0.45208082,0.94801384,0.56631964,Moderate Risk
3529,84.110115,15.88988,20.0,47.5,0.18088447,0.18248487,0.113327056,0.1588988,Low Risk
3530,58.974503,41.025497,3.3333333333333335,55.00000000000001,0.1771856,0.51006794,0.5435113,0.41025496,Moderate Risk
3531,79.56844,20.43156,0.0,28.125,0.29661044,0.30892038,0.0074159587,0.2043156,Low Risk
3532,89.25728,10.742727,2.0,36.0,0.18100719,0.14127462,8.492558e-12,0.10742727,Low Risk
3533,30.41246,69.58754,10.0,53.333333333333336,0.7339345,0.8087919,0.5448998,0.6958754,Moderate Risk
3534,96.11362,3.8863852,20.833333333333336,60.41666666666667,0.08086935,0.026785342,0.008936864,0.038863853,Low Risk
3535,93.76993,6.2300725,11.538461538461538,50.0,0.15375942,0.03178162,0.0013611439,0.062300727,Low Risk
3536,87.71572,12.284276,14.000000000000002,48.0,0.20352283,0.16321726,0.001788158,0.12284276,Low Risk
3537,60.024418,39.975586,6.666666666666667,66.66666666666666,0.34080678,0.40953898,0.44892192,0.39975587,Moderate Risk
3538,83.694534,16.305464,4.0,56.00000000000001,0.1886784,0.3004855,4.694798e-12,0.16305463,Low Risk
3540,23.077948,76.92205,10.0,61.66666666666667,0.8319064,0.93010014,0.54565495,0.76922053,High Risk
3541,92.146706,7.8532934,0.0,11.111111111111112,0.12549512,0.106334165,0.0037695193,0.078532934,Low Risk
3544,39.585434,60.414566,13.333333333333334,60.0,0.4668059,0.89930147,0.44632956,0.60414565,Moderate Risk
3546,84.78447,15.215532,7.142857142857142,32.14285714285714,0.22249816,0.23396783,0.0,0.15215532,Low Risk
3547,80.2848,19.715204,30.0,65.0,0.32972902,0.26172656,5.5837614e-07,0.19715203,Low Risk
3548,87.1667,12.833296,0.0,50.0,0.20303884,0.11797841,0.06398158,0.12833296,Low Risk
3552,65.978035,34.021965,16.666666666666664,41.66666666666667,0.625327,0.16901624,0.2263157,0.34021965,Moderate Risk
3554,49.64273,50.35727,6.666666666666667,38.333333333333336,0.24824783,0.26951537,0.99295485,0.5035727,Moderate Risk
3555,71.63558,28.364416,3.3333333333333335,40.0,0.076686956,0.23086944,0.5433761,0.28364417,Low Risk
3557,96.675644,3.3243608,0.0,30.000000000000004,0.0762092,0.023205865,0.00031575403,0.033243608,Low Risk
3558,89.28889,10.711118,6.0,36.0,0.19941674,0.1219168,0.0,0.10711118,Low Risk
3559,70.626785,29.373213,0.0,58.33333333333333,0.03723214,0.30413646,0.53982776,0.29373214,Low Risk
3562,48.480362,51.519638,41.66666666666667,58.33333333333333,0.2777778,0.31907713,0.9487342,0.5151964,Moderate Risk
3564,86.82388,13.176119,16.0,56.99999999999999,0.2876737,0.10105734,0.006552506,0.1317612,Low Risk
3565,87.51701,12.482988,0.0,63.1578947368421,0.11979622,0.094948485,0.15974496,0.12482989,Low Risk
3568,88.74788,11.252122,4.0,42.00000000000001,0.22934729,0.10821451,1.8913173e-06,0.11252122,Low Risk
3569,92.70642,7.293585,0.0,27.0,0.12431685,0.0944907,1.2086764e-22,0.07293585,Low Risk
3570,98.28479,1.7152154,0.0,31.999999999999996,0.019584721,0.008533527,0.02333822,0.017152155,Low Risk
3571,72.49902,27.500973,18.0,58.00000000000001,0.23534255,0.4235395,0.16614713,0.27500972,Low Risk
3573,85.12479,14.875214,10.0,50.0,0.07750748,0.12168396,0.24706495,0.14875214,Low Risk
3576,67.56145,32.43855,14.000000000000002,45.0,0.14547582,0.047706198,0.7799744,0.3243855,Moderate Risk
3577,92.87326,7.1267447,16.0,47.0,0.074279964,0.13952239,8.718026e-17,0.07126745,Low Risk
3581,89.77664,10.22336,14.285714285714285,64.28571428571428,0.15800615,0.12480896,0.023885699,0.102233596,Low Risk
3582,51.429462,48.570534,28.000000000000004,67.0,0.628776,0.8113419,0.016998205,0.48570535,Moderate Risk
3583,87.38937,12.610623,13.333333333333334,53.333333333333336,0.19694486,0.16640985,0.014963972,0.12610623,Low Risk
3584,75.649796,24.350206,0.0,72.72727272727273,0.31359062,0.41691557,2.8404032e-10,0.24350207,Low Risk
3585,74.07067,25.929325,9.090909090909092,50.0,0.38190883,0.31963184,0.07633904,0.25929326,Low Risk
3586,75.728546,24.27145,10.0,55.00000000000001,0.31436944,0.41375715,1.6915155e-05,0.24271451,Low Risk
3587,23.024576,76.975426,6.666666666666667,64.99999999999999,0.85235393,0.91291815,0.54399055,0.76975423,High Risk
3589,71.95299,28.047016,20.0,45.0,0.40001902,0.35085058,0.0905409,0.28047016,Low Risk
3591,94.031975,5.9680243,0.0,45.45454545454546,0.06562158,0.041598868,0.07182029,0.059680242,Low Risk
3594,43.8346,56.1654,22.0,64.99999999999999,0.56343406,0.45329502,0.6682329,0.56165403,Moderate Risk
3596,17.260616,82.73938,20.0,75.0,0.9616696,0.97594815,0.54456365,0.82739383,High Risk
3599,77.215225,22.784775,10.0,85.00000000000001,0.30473945,0.19625823,0.18254553,0.22784774,Low Risk
3601,95.727264,4.2727375,6.0,38.0,0.051315963,0.044831406,0.032034755,0.042727377,Low Risk
3602,18.89438,81.10562,10.0,80.0,0.9303562,0.9612126,0.54159987,0.8110562,High Risk
3603,89.786095,10.213903,22.0,60.0,0.18586718,0.12054994,1.5639548e-34,0.10213903,Low Risk
3605,92.74214,7.2578588,0.0,36.0,0.13884334,0.078892425,3.9769862e-10,0.07257859,Low Risk
3606,58.22598,41.77402,10.0,43.333333333333336,0.45723188,0.34019476,0.4557939,0.4177402,Moderate Risk
3607,52.23478,47.765217,33.33333333333333,78.57142857142857,0.5588283,0.8492482,0.024879904,0.47765216,Moderate Risk
3608,17.600388,82.39961,13.333333333333334,71.66666666666667,0.97875196,0.9481997,0.5450368,0.8239961,High Risk
3609,93.288864,6.711135,10.0,15.0,0.023036603,0.026768168,0.15152928,0.06711135,Low Risk
3611,97.31028,2.689722,0.0,16.129032258064512,0.05065651,0.022405613,0.007629535,0.02689722,Low Risk
3614,87.07025,12.929751,0.0,42.85714285714286,0.16020802,0.22768453,1.4669915e-10,0.12929751,Low Risk
3616,78.17853,21.82147,28.57142857142857,64.28571428571428,0.30134642,0.35329774,4.4639129e-10,0.2182147,Low Risk
3617,92.345055,7.6549478,3.225806451612903,43.54838709677419,0.13110158,0.05743509,0.041111767,0.07654948,Low Risk
3618,77.9695,22.0305,20.0,58.00000000000001,0.2700259,0.32620662,0.06468248,0.22030501,Low Risk
3619,93.25435,6.7456565,8.0,64.0,0.08473425,0.11461842,0.0030170241,0.067456566,Low Risk
3622,18.466217,81.53378,16.666666666666664,70.0,0.9475459,0.9494032,0.5490644,0.81533784,High Risk
3623,80.89087,19.10913,0.0,69.23076923076923,0.2750083,0.19943464,0.09883098,0.1910913,Low Risk
3626,98.301056,1.698943,2.5,32.5,0.013412282,0.026873764,0.010682242,0.01698943,Low Risk
3627,98.05465,1.9453496,6.0,48.0,0.036053088,0.0223074,0.0,0.019453496,Low Risk
3628,73.516335,26.48367,9.090909090909092,54.54545454545454,0.39382234,0.37319648,0.027491355,0.2648367,Low Risk
3630,93.50726,6.4927382,16.0,44.0,0.10420058,0.073125236,0.017456342,0.064927384,Low Risk
3631,87.53281,12.467195,0.0,36.36363636363637,0.0046337587,0.008299295,0.3610828,0.12467194,Low Risk
3633,98.1044,1.8956033,4.0,51.0,0.0081064645,0.048761632,0.0,0.018956034,Low Risk
3634,96.63293,3.367071,12.0,78.0,0.043770403,0.057241723,5.8317603e-19,0.03367071,Low Risk
3636,86.72066,13.279341,0.0,38.70967741935484,0.20777132,0.19060776,1.1324987e-06,0.13279341,Low Risk
3638,83.92257,16.077429,0.0,80.0,0.267885,0.167086,0.047351856,0.16077429,Low Risk
3640,67.886444,32.113552,50.0,80.0,0.4030709,0.4612482,0.09908748,0.32113552,Moderate Risk
3641,98.36013,1.6398659,5.405405405405405,41.891891891891895,0.032135714,0.015126934,0.0019333325,0.016398659,Low Risk
3642,95.21937,4.780635,12.0,52.0,0.05905618,0.07623733,0.008125528,0.04780635,Low Risk
3645,71.72722,28.272783,10.0,53.333333333333336,0.059750345,0.33978167,0.44865152,0.28272784,Low Risk
3646,99.05288,0.94712025,0.0,63.63636363636363,0.0065553873,0.015792696,0.006065523,0.009471202,Low Risk
3647,93.167206,6.832794,10.0,41.0,0.09214375,0.11284007,0.0,0.06832794,Low Risk
3648,66.82745,33.17255,31.57894736842105,76.3157894736842,0.44480768,0.5220591,0.028309768,0.3317255,Moderate Risk
3649,85.89548,14.104525,17.142857142857142,57.14285714285714,0.2340825,0.11276206,0.07629118,0.14104524,Low Risk
3650,88.769684,11.23032,12.0,46.0,0.2688325,0.06807707,5.594221e-28,0.1123032,Low Risk
3651,78.459854,21.540148,30.0,50.0,0.35232702,0.22360606,0.070271395,0.21540149,Low Risk
3652,64.77777,35.22223,32.0,77.0,0.3649072,0.6917596,2.1572528e-14,0.3522223,Moderate Risk
3654,93.2673,6.7326984,2.0408163265306123,40.816326530612244,0.057799082,0.028971164,0.11521071,0.067326985,Low Risk
3655,93.93598,6.064022,10.0,51.0,0.07540681,0.106447004,6.685256e-05,0.06064022,Low Risk
3657,94.06386,5.9361386,10.0,40.0,0.08117619,0.07548156,0.021426417,0.059361387,Low Risk
3660,16.478045,83.52196,46.666666666666664,91.66666666666666,0.9679175,0.97545516,0.5622858,0.83521956,High Risk
3661,97.503685,2.496317,0.0,47.0,0.05300918,0.021880325,6.775479e-13,0.024963168,Low Risk
3662,20.181734,79.81827,40.0,76.66666666666666,0.97116566,0.9648495,0.4585327,0.79818267,High Risk
3663,18.58918,81.41082,20.0,80.0,0.9259893,0.97243,0.5439055,0.8141082,High Risk
3665,25.80297,74.19703,16.0,67.0,0.56541085,0.66052735,0.99997264,0.7419703,High Risk
3666,40.23284,59.76716,0.0,46.666666666666664,0.6519347,0.59625256,0.54482746,0.59767157,Moderate Risk
3667,36.395992,63.604008,30.0,76.25,0.85198253,0.91618717,0.13995063,0.6360401,Moderate Risk
3669,89.45033,10.549664,0.0,58.82352941176471,0.18755592,0.119796455,0.009137528,0.10549664,Low Risk
3670,98.57367,1.4263359,6.666666666666667,36.66666666666667,0.025360748,0.014524818,0.0029045122,0.014263359,Low Risk
3671,82.46389,17.53611,0.0,60.0,0.27675837,0.17277245,0.076552436,0.1753611,Low Risk
3674,87.207504,12.792489,8.0,56.00000000000001,0.233498,0.14673588,0.003540777,0.12792489,Low Risk
3677,93.612946,6.387054,8.0,59.00000000000001,0.059559964,0.13205165,9.3336725e-35,0.06387054,Low Risk
3680,97.47877,2.5212362,8.0,36.0,0.0186433,0.020921502,0.036072284,0.025212362,Low Risk
3682,50.353493,49.64651,0.0,73.52941176470588,0.06026716,0.44148716,0.987641,0.49646512,Moderate Risk
3684,92.53532,7.464682,8.0,36.0,0.15364282,0.06798067,0.0023169885,0.07464682,Low Risk
3687,96.333084,3.666921,4.0,45.0,0.020560041,0.037568253,0.05187934,0.03666921,Low Risk
3688,83.92428,16.075716,4.0,52.0,0.18825552,0.2940129,3.0529504e-06,0.16075715,Low Risk
3689,92.342255,7.6577425,2.7027027027027026,28.37837837837838,0.10088972,0.12884256,0.0,0.076577425,Low Risk
3690,82.10635,17.893646,3.3333333333333335,36.66666666666667,0.0309608,0.149902,0.3559466,0.17893647,Low Risk
3692,96.635216,3.3647835,4.0,37.0,0.019046063,0.024730666,0.057166778,0.033647835,Low Risk
3693,98.7291,1.2708933,0.0,23.333333333333332,0.02102089,0.014226625,0.002879287,0.012708933,Low Risk
3694,51.704144,48.295853,24.0,67.0,0.6982978,0.75042903,0.0001485967,0.48295853,Moderate Risk
3696,90.55207,9.447928,16.666666666666664,58.33333333333333,0.18289775,0.100540094,0.0,0.094479285,Low Risk
3697,64.62297,35.37703,27.27272727272727,77.27272727272727,0.5072018,0.50158846,0.052520603,0.3537703,Moderate Risk
3699,16.9344,83.0656,36.666666666666664,90.0,0.9753822,0.9728607,0.5437251,0.830656,High Risk
3701,22.204231,77.79577,20.0,95.0,0.9372917,0.94837785,0.4482035,0.7779577,High Risk
3702,94.80986,5.1901417,8.0,56.00000000000001,0.05591821,0.099786036,0.0,0.051901415,Low Risk
3704,80.03081,19.969189,50.0,95.0,0.27623734,0.32283834,0.0,0.19969189,Low Risk
3707,87.48142,12.518579,5.88235294117647,50.0,0.13412575,0.110213354,0.13121825,0.12518579,Low Risk
3708,81.9425,18.057503,23.076923076923077,70.51282051282051,0.25489956,0.1643394,0.12248617,0.18057503,Low Risk
3709,94.70316,5.2968354,14.000000000000002,61.00000000000001,0.03894796,0.114281595,0.005675516,0.052968353,Low Risk
3710,91.73361,8.26639,12.0,56.00000000000001,0.15478678,0.0932049,0.0,0.08266389,Low Risk
3713,79.53794,20.46206,28.57142857142857,82.14285714285714,0.2805563,0.32840216,0.0049033533,0.20462061,Low Risk
3715,94.081726,5.9182687,4.0,34.0,0.059965998,0.03511076,0.08247131,0.05918269,Low Risk
3716,46.87416,53.12584,26.0,73.0,0.81385547,0.77991974,0.0,0.5312584,Moderate Risk
3717,74.076355,25.923643,26.31578947368421,76.3157894736842,0.45586425,0.30516315,0.01668184,0.25923643,Low Risk
3718,60.05796,39.94204,26.0,65.99999999999999,0.4076326,0.7906286,6.91998e-17,0.3994204,Moderate Risk
3719,99.11152,0.8884821,0.0,21.999999999999996,0.011013591,0.015624195,1.6678296e-05,0.008884821,Low Risk
3721,92.651665,7.348334,9.090909090909092,54.54545454545454,0.12766623,0.050549533,0.04223425,0.07348334,Low Risk
3722,84.29066,15.709347,0.0,44.73684210526315,0.3187515,0.1499796,0.0025493018,0.15709347,Low Risk
3723,97.296455,2.7035465,6.0,26.0,0.018617205,0.01896651,0.04352268,0.027035465,Low Risk
3724,30.149729,69.85027,24.0,57.99999999999999,0.57556957,0.68658984,0.8333488,0.6985027,Moderate Risk
3725,75.64966,24.35034,42.857142857142854,85.71428571428571,0.31359357,0.4169166,2.049145e-11,0.24350339,Low Risk
3726,47.512405,52.487595,20.0,55.00000000000001,0.7861609,0.5666126,0.22185442,0.52487594,Moderate Risk
3727,96.00353,3.9964647,0.0,43.99999999999999,0.06301872,0.05580205,0.0010731663,0.039964646,Low Risk
3728,51.25767,48.742332,13.333333333333334,53.333333333333336,0.34914386,0.5701705,0.54295564,0.48742333,Moderate Risk
3729,99.263725,0.7362749,0.0,16.000000000000004,0.012085086,0.009903673,9.948829e-05,0.007362749,Low Risk
3731,91.46125,8.538748,8.0,45.0,0.14633256,0.10982988,1.1775051e-13,0.085387476,Low Risk
3732,76.0252,23.9748,6.666666666666667,66.66666666666667,0.22477114,0.4944729,0.0,0.239748,Low Risk
3737,86.01379,13.986211,21.052631578947366,55.263157894736835,0.20922805,0.21035826,0.0,0.1398621,Low Risk
3738,99.31615,0.6838495,0.0,12.0,0.011123225,0.00929682,9.544112e-05,0.0068384954,Low Risk
3740,97.82594,2.1740549,5.263157894736842,10.526315789473683,0.04514327,0.016212154,0.0038662239,0.021740548,Low Risk
3744,96.64967,3.350326,10.0,53.0,0.019129248,0.03677177,0.04460876,0.03350326,Low Risk
3746,88.25937,11.740633,18.51851851851852,61.111111111111114,0.14608079,0.2061382,0.0,0.11740633,Low Risk
3747,65.464615,34.53539,11.428571428571429,57.14285714285714,0.2214062,0.19579794,0.6188575,0.34535387,Moderate Risk
3748,58.59493,41.40507,18.181818181818183,72.72727272727273,0.25754365,0.80213344,0.18247509,0.41405073,Moderate Risk
3749,76.48742,23.512577,21.73913043478261,63.043478260869556,0.2794638,0.3912573,0.03465622,0.23512577,Low Risk
3750,78.60059,21.399408,0.0,57.14285714285714,0.30106425,0.340918,2.9335436e-09,0.21399409,Low Risk
3752,71.70254,28.297457,0.0,45.45454545454546,0.3842923,0.36328423,0.10134714,0.28297457,Low Risk
3753,91.36954,8.6304655,10.0,38.0,0.17158158,0.087297045,3.5339228e-05,0.08630466,Low Risk
3754,96.89186,3.1081362,4.0,50.0,0.05765829,0.035585795,4.5041446e-21,0.031081362,Low Risk
3755,92.46162,7.538382,14.000000000000002,42.0,0.08630672,0.13984473,2.8690846e-23,0.07538382,Low Risk
3757,93.63814,6.3618608,0.0,30.000000000000004,0.071244694,0.11585429,0.0037568482,0.06361861,Low Risk
3759,77.5304,22.469597,0.0,75.0,0.31710833,0.35697952,2.9932049e-10,0.22469597,Low Risk
3762,79.59324,20.406761,0.0,40.0,0.29588962,0.18130483,0.1350084,0.2040676,Low Risk
3763,92.483505,7.5164957,6.0,37.0,0.017950088,0.017026473,0.19051832,0.07516496,Low Risk
3768,93.15939,6.8406076,2.0,30.000000000000004,0.02583075,0.012376648,0.16701083,0.068406075,Low Risk
3769,89.31065,10.689348,8.0,40.0,0.16797197,0.15270849,0.0,0.10689348,Low Risk
3770,54.71711,45.28289,0.0,78.0,0.08236942,0.30486834,0.971249,0.4528289,Moderate Risk
3771,88.073456,11.926541,0.0,53.84615384615385,0.17561853,0.12943406,0.05274366,0.119265415,Low Risk
3772,86.70822,13.291778,18.181818181818183,61.36363636363635,0.15363015,0.16718465,0.07793855,0.13291778,Low Risk
3773,88.995895,11.004103,2.0,18.000000000000004,0.110145316,0.08878122,0.13119656,0.11004103,Low Risk
3775,93.197426,6.802579,0.0,35.29411764705882,0.115335934,0.081320524,0.0074209194,0.06802579,Low Risk
3778,50.519035,49.48096,19.51219512195122,69.51219512195121,0.6399925,0.82071733,0.023718929,0.4948096,Moderate Risk
3782,87.44656,12.553437,8.0,46.0,0.21232623,0.16427688,1.0028321e-27,0.12553437,Low Risk
3783,95.8221,4.1779037,2.0,48.0,0.05107108,0.06723868,0.00702734,0.041779038,Low Risk
3784,96.117744,3.882258,2.5,18.750000000000004,0.011790282,0.011591493,0.09308596,0.03882258,Low Risk
3785,96.30595,3.694049,0.0,9.523809523809524,0.057356734,0.031996414,0.021468323,0.03694049,Low Risk
3786,85.90788,14.092119,12.0,41.0,0.025805546,0.026818253,0.37013975,0.14092119,Low Risk
3788,93.72206,6.2779427,9.090909090909092,50.0,0.099279344,0.089058936,3.9757062e-13,0.06277943,Low Risk
3789,78.06843,21.931572,12.82051282051282,61.53846153846154,0.038299758,0.041640524,0.5780069,0.21931572,Low Risk
3790,20.197128,79.80287,0.0,76.66666666666666,0.9301085,0.92888737,0.5350902,0.7980287,High Risk
3792,97.086716,2.9132814,20.0,41.0,0.05944512,0.027797021,0.00015629739,0.029132813,Low Risk
3793,87.36537,12.634627,0.0,53.65853658536586,0.23622558,0.08587191,0.056941323,0.12634628,Low Risk
3794,35.415478,64.584526,0.0,70.0,0.57256675,0.83011955,0.53484946,0.64584523,Moderate Risk
3795,89.12885,10.871148,16.0,42.0,0.21731189,0.1088221,4.5237053e-07,0.10871148,Low Risk
3796,94.44619,5.553812,7.4074074074074066,33.33333333333333,0.08922599,0.07562675,0.0017616088,0.055538118,Low Risk
3797,37.212364,62.787636,6.0,64.0,0.4878915,0.44645452,0.94928294,0.62787634,Moderate Risk
3800,94.85421,5.1457896,4.0,61.00000000000001,0.048774537,0.10361004,0.0019891085,0.051457897,Low Risk
3802,75.59906,24.400938,9.30232558139535,32.55813953488372,0.48706213,0.244966,0.0,0.24400938,Low Risk
3810,78.48398,21.516026,8.0,43.0,0.17674632,0.14778455,0.3209499,0.21516025,Low Risk
3811,19.495409,80.50459,10.0,70.0,0.91523635,0.95807886,0.54182243,0.8050459,High Risk
3814,75.64935,24.350643,18.181818181818183,45.45454545454545,0.3136283,0.41689104,1.2105866e-11,0.24350643,Low Risk
3817,60.432495,39.567505,10.0,45.0,0.17937934,0.09107488,0.91657096,0.39567506,Moderate Risk
3818,87.56426,12.43574,0.0,41.17647058823529,0.20576301,0.13098243,0.03632678,0.1243574,Low Risk
3819,91.16038,8.839626,10.0,46.0,0.17608549,0.089103304,0.0,0.08839626,Low Risk
3820,98.66895,1.3310473,0.0,38.23529411764706,0.02419815,0.012397193,0.0033360743,0.013310473,Low Risk
3821,25.843828,74.15617,10.0,73.33333333333334,0.8467941,0.9262267,0.45166433,0.7415617,High Risk
3822,87.93314,12.066854,2.0,20.0,0.0014142017,0.007643024,0.3529484,0.12066854,Low Risk
3824,91.39629,8.603704,0.0,23.333333333333332,0.14159459,0.09954336,0.016973197,0.08603705,Low Risk
3826,81.79997,18.20003,0.0,66.66666666666666,0.23173694,0.1697975,0.14446644,0.1820003,Low Risk
3828,90.28019,9.719805,6.451612903225806,43.548387096774185,0.16313325,0.120860785,0.0076001165,0.09719805,Low Risk
3829,48.01605,51.98395,16.666666666666664,63.33333333333333,0.6989666,0.8570737,0.0034783,0.5198395,Moderate Risk
3830,46.947403,53.052597,10.0,60.0,0.31657913,0.73496604,0.54003274,0.530526,Moderate Risk
3831,71.66439,28.335613,12.0,49.00000000000001,0.30192167,0.54205024,0.006096499,0.28335613,Low Risk
3832,91.05065,8.949349,10.0,50.0,0.08044834,0.041626025,0.14640611,0.08949349,Low Risk
3833,16.401886,83.598114,33.33333333333333,96.66666666666667,0.9864773,0.97568846,0.5457776,0.83598113,High Risk
3838,91.85458,8.145415,14.000000000000002,43.0,0.07073223,0.17362973,4.737901e-07,0.08145415,Low Risk
3839,89.03752,10.962482,4.0,32.99999999999999,0.23361762,0.09525665,2.1418053e-07,0.109624825,Low Risk
3843,36.799423,63.200577,27.027027027027028,85.13513513513513,0.8662313,0.9386013,0.09118447,0.63200575,Moderate Risk
3851,70.058556,29.941446,35.0,75.0,0.40905294,0.45718017,0.03201024,0.29941446,Low Risk
3852,85.58643,14.413567,30.23255813953488,62.7906976744186,0.2567366,0.16100468,0.014665737,0.14413567,Low Risk
3860,18.004513,81.99548,50.0,75.0,0.9461319,0.9702739,0.5434589,0.8199549,High Risk
3861,75.49606,24.50394,12.0,45.0,0.27070925,0.46274388,0.0016650597,0.2450394,Low Risk
3862,93.97315,6.0268435,8.0,43.0,0.14890438,0.031900927,4.893074e-25,0.060268436,Low Risk
3869,90.01117,9.9888315,12.0,50.0,0.21095842,0.08655868,0.002147866,0.09988832,Low Risk
3870,80.969604,19.030397,11.11111111111111,41.66666666666667,0.308243,0.121041015,0.1416279,0.19030398,Low Risk
3874,30.323082,69.67692,29.03225806451613,67.74193548387096,0.7179462,0.90279156,0.46956965,0.6967692,Moderate Risk
3876,76.54009,23.459906,15.0,42.50000000000001,0.35390165,0.34268948,0.0072060386,0.23459905,Low Risk
3877,90.048965,9.951035,14.000000000000002,60.00000000000001,0.1505972,0.14255434,0.0053795003,0.09951035,Low Risk
3878,58.447193,41.552807,0.0,56.666666666666664,0.21608232,0.49638996,0.53411186,0.41552806,Moderate Risk
3880,83.10213,16.89787,29.411764705882355,73.52941176470588,0.27503523,0.20320277,0.028698085,0.16897869,Low Risk
3881,89.98117,10.0188265,0.0,18.18181818181818,0.0045245276,0.007324779,0.28871548,0.10018826,Low Risk
3882,30.06534,69.93466,10.0,56.666666666666664,0.8181227,0.8272673,0.45264992,0.6993466,Moderate Risk
3883,69.46326,30.536743,9.090909090909092,68.18181818181819,0.43267697,0.4102908,0.07313454,0.30536744,Moderate Risk
3884,88.15747,11.842531,0.0,66.66666666666667,0.14510745,0.12047815,0.08969031,0.11842531,Low Risk
3885,75.842285,24.157713,14.285714285714285,92.85714285714286,0.4169995,0.24838267,0.059349228,0.24157713,Low Risk
3887,80.07126,19.92874,4.0,36.0,0.35358053,0.24016154,0.004120136,0.1992874,Low Risk
3888,70.70873,29.291265,20.0,60.0,0.4254739,0.40394643,0.04931768,0.29291266,Low Risk
3890,42.139996,57.860004,23.333333333333332,86.66666666666667,0.8564829,0.8793172,4.894609e-12,0.57860005,Moderate Risk
3891,62.858356,37.141644,2.5,30.0,0.057651203,0.07278035,0.98381764,0.37141642,Moderate Risk
3892,45.363457,54.636543,22.0,62.0,0.8060823,0.8329027,0.000111175745,0.54636544,Moderate Risk
3894,53.051865,46.948135,41.66666666666667,87.5,0.6297455,0.68427193,0.094426624,0.46948135,Moderate Risk
3897,20.6222,79.3778,18.75,75.0,0.9211749,0.9246484,0.53551084,0.793778,High Risk
3901,83.083046,16.916952,42.857142857142854,80.95238095238095,0.25305647,0.2470376,0.0074145016,0.16916953,Low Risk
3902,98.12532,1.8746777,2.0,53.0,0.023711532,0.03232114,0.00020765826,0.018746777,Low Risk
3903,83.42604,16.57396,14.285714285714285,64.28571428571428,0.2497893,0.17992727,0.067502186,0.1657396,Low Risk
3904,16.79368,83.20632,26.666666666666668,85.0,0.9758193,0.9721493,0.54822093,0.8320632,High Risk
3906,89.92624,10.073762,18.0,61.0,0.13364804,0.11712008,0.051444743,0.100737624,Low Risk
3907,98.46267,1.5373272,6.25,34.375,0.034775626,0.011344192,0.0,0.015373272,Low Risk
3908,82.47197,17.528028,0.0,72.0,0.20718884,0.31865203,0.0,0.17528029,Low Risk
3911,87.068924,12.931077,0.0,42.64705882352941,0.30192697,0.083286956,0.0027184258,0.12931077,Low Risk
3912,98.81375,1.1862515,22.0,64.99999999999999,0.012898284,0.02268926,0.0,0.0118625155,Low Risk
3915,95.014465,4.985533,7.142857142857142,46.42857142857142,0.0602368,0.041067176,0.04826202,0.049855333,Low Risk
3916,60.643696,39.356304,20.0,73.33333333333334,0.5621499,0.6008183,0.017720938,0.39356303,Moderate Risk
3920,81.57668,18.423317,17.647058823529413,64.70588235294117,0.20051278,0.3212768,0.03090991,0.18423317,Low Risk
3921,91.30965,8.690357,0.0,45.45454545454546,0.12712985,0.13358086,2.3853482e-18,0.08690357,Low Risk
3922,93.48587,6.514132,24.0,51.0,0.1074557,0.05664197,0.03132629,0.06514132,Low Risk
3923,93.671005,6.3289948,10.0,47.0,0.12712534,0.06274452,0.0,0.06328995,Low Risk
3924,94.292366,5.7076325,4.0,40.0,0.0922343,0.078994684,1.4931789e-34,0.057076324,Low Risk
3925,97.30645,2.6935532,10.0,42.00000000000001,0.043421805,0.032124754,0.0052600335,0.026935533,Low Risk
3927,17.737007,82.26299,23.333333333333332,95.0,0.95529085,0.96465296,0.54794604,0.8226299,High Risk
3928,99.20236,0.7976398,0.0,30.000000000000004,0.011644766,0.012268224,1.6205917e-05,0.007976398,Low Risk
3929,69.57811,30.421886,0.0,75.0,0.11173381,0.049193572,0.7517292,0.30421886,Moderate Risk
3930,88.27423,11.725765,4.0,20.0,0.2212475,0.13052545,2.8011622e-20,0.117257655,Low Risk
3932,95.89638,4.1036267,4.761904761904762,52.38095238095239,0.081306934,0.041801862,0.0,0.041036267,Low Risk
3933,83.57658,16.423424,15.384615384615385,50.0,0.2639424,0.18063553,0.04812478,0.16423424,Low Risk
3937,31.829119,68.17088,8.0,73.0,0.3927077,0.65994054,0.9924781,0.6817088,Moderate Risk
3938,57.73078,42.269222,3.3333333333333335,61.66666666666667,0.098899305,0.62448245,0.54469496,0.4226922,Moderate Risk
3939,17.404778,82.59522,20.0,83.33333333333334,0.96073776,0.9653346,0.55178416,0.82595223,High Risk
3940,81.60414,18.395859,12.5,64.99999999999999,0.18944833,0.3556854,0.0067420765,0.18395859,Low Risk
3946,67.054665,32.94533,0.0,36.36363636363637,0.4326775,0.41042817,0.14525428,0.32945332,Moderate Risk
3947,75.63872,24.361282,28.57142857142857,57.14285714285714,0.31392244,0.41691604,2.1705471e-10,0.24361283,Low Risk
3948,86.650345,13.349655,22.22222222222222,47.22222222222223,0.2828756,0.11761407,9.7941495e-09,0.13349655,Low Risk
3949,90.815475,9.184524,0.0,100.0,0.1578352,0.117700495,2.3790284e-10,0.09184524,Low Risk
3951,92.750534,7.249468,0.0,44.827586206896555,0.09215207,0.12533195,0.0,0.07249468,Low Risk
3952,78.98008,21.019917,12.5,30.0,0.27650923,0.34766912,0.00641914,0.21019916,Low Risk
3953,80.37186,19.628143,6.25,65.625,0.071807474,0.2791691,0.23786768,0.19628143,Low Risk
3954,88.04751,11.952487,6.25,62.5,0.17920156,0.11864259,0.060730502,0.119524874,Low Risk
3957,70.792366,29.207634,22.0,74.0,0.36378458,0.48451567,0.027928835,0.29207635,Low Risk
3958,22.528648,77.47135,16.666666666666664,80.0,0.8905601,0.95853025,0.47505033,0.7747135,High Risk
3967,24.06075,75.93925,16.666666666666664,66.66666666666666,0.8714558,0.9521904,0.45453134,0.7593925,High Risk
3972,89.27285,10.727147,2.0,30.000000000000004,0.2134203,0.10839411,2.1336285e-11,0.10727147,Low Risk
3973,82.73245,17.26755,18.181818181818183,36.36363636363637,0.25245488,0.18472329,0.08084828,0.17267549,Low Risk
3975,76.964485,23.035513,2.5,46.25,0.15510271,0.48693678,0.049025867,0.23035513,Low Risk
3979,76.84811,23.151892,18.0,54.0,0.35749653,0.33705372,6.5078902e-06,0.23151892,Low Risk
3981,79.992905,20.007097,2.0,59.00000000000001,0.25570616,0.3431892,0.0013175475,0.20007098,Low Risk
3983,19.164371,80.83563,3.3333333333333335,83.33333333333334,0.940277,0.9446518,0.5401402,0.8083563,High Risk
3985,42.367435,57.632565,14.285714285714285,57.14285714285714,0.3136065,0.4162245,0.99914604,0.57632565,Moderate Risk
3986,33.4593,66.5407,10.0,70.0,0.5361441,0.91862893,0.5414482,0.665407,Moderate Risk
3994,81.388275,18.611721,22.0,50.0,0.2473445,0.29124343,0.01976368,0.18611722,Low Risk
3997,98.51906,1.4809424,8.0,50.0,0.02247868,0.01759199,0.004357603,0.014809423,Low Risk
3998,84.37368,15.626319,9.090909090909092,66.66666666666667,0.12763539,0.10322832,0.23792584,0.15626319,Low Risk
3999,76.20028,23.799725,16.666666666666664,75.0,0.3122024,0.40178937,7.747507e-11,0.23799725,Low Risk
4001,90.746284,9.253718,4.0,33.0,0.17789888,0.09971266,0.0,0.09253719,Low Risk
4003,75.532936,24.467064,0.0,29.411764705882348,0.40134424,0.3057442,0.026923502,0.24467064,Low Risk
4007,85.68013,14.319875,15.789473684210526,57.89473684210527,0.090467565,0.1566461,0.18248257,0.14319874,Low Risk
4008,43.239872,56.760128,13.513513513513514,70.27027027027027,0.66582984,0.74421257,0.2927614,0.56760126,Moderate Risk
4010,85.05812,14.94188,0.0,37.5,0.23677753,0.2016704,0.009808475,0.1494188,Low Risk
4014,83.409256,16.590744,2.0,33.0,0.035418577,0.03373645,0.4285673,0.16590744,Low Risk
4015,93.96767,6.0323315,12.0,36.0,0.039362233,0.015174477,0.12643322,0.060323313,Low Risk
4017,93.061264,6.938738,12.5,57.49999999999999,0.048067767,0.10499533,0.05509903,0.06938738,Low Risk
4018,81.01409,18.98591,6.666666666666667,66.66666666666667,0.17839387,0.29094043,0.100243054,0.1898591,Low Risk
4019,93.43767,6.562326,7.6923076923076925,61.53846153846154,0.10762437,0.089245416,1.4390769e-12,0.06562326,Low Risk
4022,35.299576,64.700424,0.0,80.0,0.6034916,0.9034374,0.43408382,0.64700425,Moderate Risk
4023,84.80972,15.190272,0.0,68.0,0.111232154,0.05552329,0.28895274,0.15190272,Low Risk
4024,75.64368,24.356323,12.5,59.375,0.3679536,0.33120632,0.03152977,0.24356323,Low Risk
4025,81.09162,18.908375,21.052631578947366,68.42105263157895,0.3344015,0.23284972,0.0,0.18908374,Low Risk
4026,97.92199,2.0780058,16.0,46.0,0.040611695,0.021728478,3.4672032e-09,0.020780059,Low Risk
4029,96.245094,3.7549078,6.382978723404255,30.85106382978723,0.05778745,0.05485979,2.9874309e-30,0.03754908,Low Risk
4030,87.969795,12.0302105,0.0,26.0,0.16579586,0.19511046,0.0,0.1203021,Low Risk
4031,78.3092,21.690804,10.0,34.0,0.036598694,0.032306027,0.5818194,0.21690804,Low Risk
4032,88.02367,11.976336,0.0,36.36363636363637,0.20488364,0.15440641,6.717526e-12,0.11976335,Low Risk
4033,75.66613,24.33387,0.0,59.09090909090908,0.3136044,0.41641167,6.3034167e-10,0.2433387,Low Risk
4035,94.04246,5.9575458,6.0,31.0,0.1293411,0.04938526,1.7562531e-08,0.059575457,Low Risk
4039,88.51707,11.482934,12.0,51.0,0.20954667,0.13494137,4.7282707e-09,0.11482934,Low Risk
4040,50.536312,49.463688,10.0,83.33333333333333,0.19876835,0.8273103,0.45783186,0.49463686,Moderate Risk
4042,84.45323,15.546767,41.17647058823529,79.41176470588236,0.23720069,0.116334505,0.1128678,0.15546767,Low Risk
4044,83.68094,16.319061,20.0,60.0,0.28158304,0.1619083,0.046080545,0.16319062,Low Risk
4045,85.0355,14.964497,14.285714285714285,50.0,0.28673294,0.16220196,9.299113e-12,0.14964497,Low Risk
4046,98.13746,1.8625381,2.7027027027027026,35.13513513513513,0.028818874,0.027057268,0.0,0.01862538,Low Risk
4047,67.035225,32.96478,0.0,72.72727272727273,0.43266246,0.40908962,0.1471913,0.32964778,Moderate Risk
4048,52.79206,47.207943,13.333333333333334,56.666666666666664,0.3586523,0.5132521,0.5443339,0.47207943,Moderate Risk
4049,21.212227,78.78777,22.0,76.0,0.5727809,0.7908521,1.0,0.78787774,High Risk
4053,21.531946,78.468056,56.666666666666664,110.00000000000001,0.90975887,0.9421116,0.5021709,0.78468055,High Risk
4054,89.932625,10.067373,2.0,29.000000000000004,0.19375269,0.10826852,9.429569e-12,0.100673735,Low Risk
4055,87.03688,12.96312,18.181818181818183,31.818181818181817,0.22237645,0.05665399,0.10986318,0.1296312,Low Risk
4056,90.42464,9.575361,18.0,55.00000000000001,0.19768034,0.0895805,0.0,0.09575361,Low Risk
4057,78.86172,21.138283,0.0,64.99999999999999,0.27365953,0.27848542,0.08200356,0.21138282,Low Risk
4058,82.88663,17.113377,0.0,10.0,0.024970809,0.03629254,0.45213792,0.17113376,Low Risk
4060,80.25433,19.745667,10.0,64.0,0.057266667,0.031921264,0.50318205,0.19745666,Low Risk
4065,82.689735,17.31026,10.0,56.00000000000001,0.22109187,0.29821596,5.5769862e-27,0.17310262,Low Risk
4067,59.92919,40.070812,10.0,75.0,0.39606068,0.5190126,0.28705102,0.4007081,Moderate Risk
4068,95.75295,4.247044,10.0,51.0,0.065323375,0.062044837,4.3114007e-05,0.04247044,Low Risk
4070,59.53567,40.464325,12.0,43.0,0.16833597,0.045595095,0.9999987,0.40464327,Moderate Risk
4071,57.179523,42.820477,4.0,66.0,0.3026531,0.42029816,0.56166303,0.42820477,Moderate Risk
4073,91.66598,8.3340225,4.0,56.00000000000001,0.06282321,0.18460697,0.0025905161,0.08334023,Low Risk
4076,99.25558,0.74442697,0.0,34.0,0.012838796,0.009494014,0.0,0.00744427,Low Risk
4077,68.30089,31.699112,12.0,65.99999999999999,0.24290293,0.70805675,1.3693248e-05,0.31699112,Moderate Risk
4078,86.48358,13.516418,0.0,41.17647058823529,0.17368443,0.106538154,0.12526993,0.13516419,Low Risk
4079,98.52765,1.472354,14.000000000000002,62.000000000000014,0.020557946,0.023612652,2.5071563e-08,0.01472354,Low Risk
4080,70.653885,29.346115,45.45454545454545,86.36363636363636,0.36893782,0.46199584,0.049449727,0.29346114,Low Risk
4081,86.556015,13.44399,11.538461538461538,65.38461538461539,0.21335344,0.18996626,0.0,0.1344399,Low Risk
4082,89.79507,10.204933,10.0,41.0,0.16524336,0.09599333,0.044911288,0.10204933,Low Risk
4083,81.07801,18.921988,44.0,88.0,0.30189818,0.26576146,2.2159836e-11,0.18921988,Low Risk
4085,52.985752,47.014244,42.857142857142854,85.71428571428572,0.3232123,0.40189725,0.68531775,0.47014245,Moderate Risk
4086,32.92851,67.071495,14.000000000000002,64.0,0.6311437,0.58024925,0.8007519,0.6707149,Moderate Risk
4087,68.41762,31.582382,46.15384615384615,100.0,0.35185784,0.53949755,0.056116067,0.31582382,Moderate Risk
4091,79.27893,20.721071,20.0,60.00000000000001,0.37932396,0.24230821,6.222128e-33,0.20721072,Low Risk
4092,77.95169,22.048306,28.57142857142857,60.71428571428571,0.34109494,0.32035425,0.0,0.22048306,Low Risk
4094,72.76515,27.234846,14.000000000000002,58.00000000000001,0.28684524,0.37462634,0.1555738,0.27234846,Low Risk
4095,94.0532,5.946803,8.0,47.0,0.075790495,0.102613606,0.0,0.05946803,Low Risk
4097,77.33928,22.660719,41.17647058823529,94.11764705882352,0.2526389,0.41271356,0.014469066,0.22660719,Low Risk
4098,16.003925,83.99608,30.0,89.99999999999999,0.9877437,0.98253757,0.5496009,0.83996075,High Risk
4102,77.7781,22.221897,0.0,36.36363636363637,0.20216957,0.23329897,0.23118834,0.22221898,Low Risk
